Timestamp,AccX,AccY,AccZ,GyroX,GyroY,GyroZ,MagnX,MagnY,MagnZ
0.0,1.362,4.142,9.663,-4.97,-37.59,35.7,133.95,40.35,-60.6
,0.73,5.578,5.372,35.07,-26.11,30.45,135.6,40.2,-61.8
,1.364,4.858,8.253,-51.52,8.75,48.23,135.9,39.9,-60.45
,2.257,4.96,10.053,-22.4,-1.33,50.05,135.75,39.0,-60.3
78.0,1.883,5.219,7.53,35.14,-26.32,32.48,135.9,36.75,-61.2
,1.335,5.269,8.289,35.14,14.14,26.95,136.2,40.35,-62.25
,1.931,5.681,9.88,78.19,28.21,24.64,135.3,38.85,-59.85
,4.752,6.226,6.908,108.99,25.76,17.85,135.0,39.6,-59.55
156.0,3.431,5.97,6.427,32.41,35.42,5.18,134.55,39.3,-56.4
,2.8,5.841,7.566,1.54,21.21,2.38,133.65,40.05,-51.45
,3.673,6.827,8.835,10.29,-13.58,7.35,132.45,40.65,-51.45
,-4.807,-0.565,14.721,32.27,-42.49,-13.93,133.5,40.2,-52.95
235.0,14.444,5.851,6.439,42.84,-138.67,-8.68,132.3,39.3,-49.5
,4.056,6.169,5.482,145.81,-112.7,0.49,135.15,39.75,-52.8
,3.759,7.274,5.796,120.05,-103.81,-4.34,136.95,41.25,-47.55
,3.786,8.222,8.069,73.5,-109.9,-8.05,136.35,41.4,-47.85
314.0,4.293,8.916,8.157,75.18,-101.92,-18.2,136.5,41.7,-48.15
,5.616,9.091,7.296,83.37,-100.66,-35.35,139.2,42.0,-46.95
,7.198,10.033,6.631,92.68,-91.14,-39.55,138.75,42.75,-45.6
,8.758,9.462,5.355,108.71,-83.3,-47.81,140.25,41.85,-44.25
392.0,9.115,8.923,1.596,96.25,-86.31,-90.58,139.8,40.05,-42.75
,6.329,7.794,1.196,79.03,-110.25,-121.03,140.4,41.7,-41.85
,6.633,9.174,0.864,74.27,-124.32,-121.94,138.9,42.15,-38.55
,7.454,9.38,1.637,48.02,-110.32,-118.23,137.55,41.55,-34.2
470.0,6.37,8.21,1.07,28.77,-92.54,-134.75,138.75,41.85,-33.6
,3.57,7.396,1.96,6.16,-91.77,-133.35,138.3,39.6,-30.9
,1.61,6.15,2.587,-7.28,-99.82,-134.33,138.45,40.8,-27.9
,0.455,6.348,2.584,-53.13,-152.53,-158.83,136.35,38.85,-25.5
548.0,-1.754,5.288,3.084,-53.2,-169.12,-179.13,132.15,40.35,-24.3
,-3.862,4.664,3.082,-22.47,-153.93,-174.86,132.15,37.2,-23.4
,-5.451,4.293,2.967,-30.73,-87.5,-133.77,132.45,37.05,-21.6
,-5.839,3.927,3.398,-49.56,2.38,-71.47,127.8,37.2,-19.8
627.0,-8.404,2.558,-4.86,-43.82,-31.22,-51.17,128.1,37.95,-17.1
,-6.494,1.383,3.565,-82.46,23.8,4.2,125.55,36.6,-17.1
,-6.939,0.993,3.975,-121.73,9.31,41.79,127.2,37.2,-18.75
,-7.26,1.089,6.693,-109.41,6.37,66.01,126.6,38.1,-23.7
705.0,-7.684,1.048,7.959,-132.3,29.68,118.37,129.0,39.45,-27.0
,-4.917,2.213,10.802,-159.6,53.2,182.84,128.7,38.85,-31.2
,-3.972,2.221,13.328,-192.92,100.31,235.27,130.95,40.65,-39.45
,-1.326,1.974,15.24,-180.11,122.15,281.89,132.75,40.95,-46.2
783.0,3.053,3.419,17.011,-111.09,114.94,333.34,131.55,41.1,-50.7
,8.469,6.317,17.365,-13.02,76.44,332.01,132.15,41.55,-53.1
,12.754,9.012,13.386,37.66,47.95,296.59,129.15,40.65,-53.7
,11.223,7.894,11.941,71.82,47.67,247.73,129.15,38.7,-53.85
861.0,10.562,6.774,11.213,133.14,22.26,246.75,131.4,37.35,-51.9
,13.821,8.402,9.332,217.42,-9.73,232.4,133.65,33.3,-53.25
,15.355,8.581,4.183,256.41,-14.42,169.19,136.65,32.4,-50.55
,11.996,6.274,1.886,246.96,-62.51,93.45,140.55,31.05,-48.9
940.0,9.086,5.391,-0.476,230.72,-113.47,60.55,143.7,30.15,-45.6
,7.961,5.231,-1.263,172.2,-119.49,45.92,147.6,30.6,-41.7
,7.42,5.195,-1.823,133.49,-119.42,36.54,148.35,30.0,-41.55
,6.966,4.893,-2.077,119.07,-126.91,36.47,148.05,31.05,-40.95
1019.0,6.241,4.736,-2.764,95.34,-123.97,32.06,150.0,30.6,-37.2
,5.552,4.738,-2.374,70.28,-115.22,29.4,153.15,30.6,-36.9
,5.554,5.221,-2.278,43.47,-99.47,24.22,150.6,33.75,-32.25
,5.363,4.661,-2.369,-5.04,-65.73,8.54,151.05,31.95,-32.7
1097.0,3.4,3.563,-1.082,-49.63,-49.42,16.1,152.85,31.2,-31.5
,5.324,5.709,1.479,-73.15,-43.75,45.57,153.0,32.1,-31.2
,7.71,6.774,2.283,-85.68,-21.56,50.82,151.05,31.5,-32.4
,8.71,5.095,-1.359,-50.89,-21.49,36.82,150.9,32.7,-33.9
1176.0,10.567,5.374,-3.348,-92.96,-38.99,45.85,151.2,31.65,-34.65
,12.608,6.865,0.44,-119.56,-60.76,50.4,151.05,31.8,-34.5
,13.798,7.105,-0.045,-102.34,-80.15,26.18,150.6,34.95,-37.65
,16.157,9.158,1.642,-124.81,-68.46,-8.89,151.05,34.35,-40.35
1254.0,17.033,10.146,4.109,-121.17,-49.84,-74.41,153.15,35.7,-43.95
,13.984,8.16,3.025,-130.41,-48.51,-146.79,152.1,38.7,-46.05
,10.134,6.509,5.757,-133.77,-84.56,-154.14,152.85,42.0,-46.5
,9.804,7.552,6.614,-77.91,-133.56,-136.01,151.5,43.65,-47.55
1332.0,9.715,8.26,7.351,-7.7,-144.55,-131.81,153.9,45.3,-50.1
,8.22,7.318,6.04,44.17,-124.25,-139.3,153.0,45.75,-47.25
,6.722,7.562,6.006,68.04,-103.53,-131.6,153.75,44.85,-42.9
,5.004,6.884,4.365,111.72,-95.27,-124.67,152.7,44.25,-36.75
1410.0,5.073,7.356,3.19,126.07,-100.17,-113.82,152.25,42.75,-30.45
,3.539,6.932,2.697,143.5,-112.07,-106.89,148.8,41.4,-25.5
,1.082,6.021,1.986,141.4,-137.62,-95.41,147.75,38.55,-17.55
,-0.646,6.145,1.366,118.44,-159.11,-72.59,144.6,38.7,-10.8
1489.0,-1.448,6.456,0.876,92.61,-132.86,-48.09,140.4,36.9,-5.4
,-2.163,5.755,-0.507,74.62,-103.04,-27.72,139.8,35.25,-1.2
,-3.312,5.564,-0.086,76.58,-91.35,14.63,137.7,36.3,1.65
,-2.132,6.245,-0.531,96.32,-85.75,55.44,136.95,33.15,5.1
1568.0,-1.718,5.961,-1.438,78.05,-57.4,70.07,137.7,32.85,8.4
,-1.924,5.867,-0.933,38.36,-14.14,58.17,139.05,32.25,9.15
,-3.264,5.092,-0.658,-1.4,35.77,59.71,140.4,33.6,10.2
,-4.556,4.331,2.182,-16.31,74.34,114.73,141.45,32.1,9.45
1646.0,-0.928,6.088,4.949,26.46,102.48,194.39,141.45,34.2,4.95
,5.508,8.126,5.092,65.24,178.15,255.22,145.8,34.35,3.3
,12.661,8.488,3.553,97.93,257.95,264.67,150.9,35.7,-2.25
,16.588,8.27,1.5,124.11,257.18,207.06,155.25,34.35,-9.3
1724.0,17.753,7.731,2.271,147.49,156.94,172.55,159.75,35.4,-15.0
,19.313,4.676,0.514,224.28,38.29,133.91,163.95,35.25,-19.05
,22.247,3.939,-6.535,297.78,-46.48,78.4,163.65,33.9,-19.5
,22.934,3.436,-8.538,243.32,-84.49,24.99,164.4,31.05,-15.45
1803.0,18.363,1.522,-7.205,205.73,-123.27,-24.5,163.2,28.5,-10.5
,13.611,-0.043,-6.932,189.91,-132.93,-77.07,161.7,26.55,-4.8
,9.761,-3.501,-11.601,89.95,-129.01,-131.18,159.75,24.75,0.0
,5.755,-3.795,-11.015,-12.04,-77.42,-150.01,154.95,22.2,7.8
1881.0,3.029,-2.821,-9.375,-39.2,-95.97,-126.56,153.75,23.25,9.9
,0.766,-1.725,-9.56,-41.09,-119.7,-88.62,151.65,24.15,12.6
,-0.38,-0.593,-8.423,-68.67,-116.97,-60.69,150.15,24.75,15.15
,-1.859,0.361,-7.43,-103.88,-105.0,-40.74,147.6,23.55,15.75
1959.0,-3.776,0.5,-7.054,-135.24,-103.81,-24.36,145.8,24.6,16.8
,-5.985,-0.239,-7.119,-161.21,-99.61,14.07,143.7,25.8,17.55
,-5.774,1.606,-2.58,-207.9,-71.61,85.61,144.0,27.0,17.1
,-4.649,2.903,0.67,-196.49,0.49,132.86,144.3,27.45,14.1
2037.0,-3.183,2.414,1.905,-152.25,74.76,171.15,146.85,29.4,8.85
,0.294,2.682,3.788,-158.83,120.47,214.34,148.05,30.45,0.75
,3.652,2.728,4.803,-141.89,161.14,241.85,152.25,32.55,-6.15
,9.232,3.465,6.669,-76.58,151.41,280.21,157.65,33.9,-12.3
2116.0,15.542,2.23,3.195,51.52,131.18,268.31,162.6,34.5,-21.6
,18.693,2.86,-1.065,38.29,66.57,271.74,168.15,36.15,-28.2
,22.912,3.953,-2.424,28.84,18.62,220.15,171.6,37.2,-30.75
,22.194,0.902,-7.586,49.07,-2.38,132.58,175.05,39.0,-33.9
2194.0,22.527,-0.704,-9.543,-8.12,15.82,93.94,174.0,40.8,-34.5
,26.224,2.247,-7.593,-55.16,-0.7,50.33,175.8,40.65,-34.95
,24.001,2.182,-7.413,-73.43,-37.73,-34.23,174.75,42.15,-36.75
,18.725,0.414,-6.454,-102.13,-41.86,-102.34,176.7,43.65,-35.4
2273.0,16.815,0.641,-3.692,-119.63,-58.17,-147.0,177.3,41.1,-33.3
,15.824,1.07,-2.19,-117.18,-92.75,-179.69,177.0,40.05,-33.0
,13.934,1.831,-0.294,-123.48,-128.59,-194.39,173.85,38.4,-30.15
,10.098,2.13,1.431,-173.04,-166.6,-196.77,170.85,37.2,-24.15
2351.0,6.358,2.58,3.228,-165.76,-157.22,-194.53,168.45,36.9,-20.85
,6.174,4.456,3.546,-107.94,-120.26,-186.41,162.9,35.1,-17.7
,4.855,4.726,2.728,-49.7,-80.78,-193.9,159.75,35.85,-14.7
,1.795,4.633,1.598,37.87,-75.67,-194.67,156.0,34.2,-12.6
2430.0,-0.916,4.92,-0.01,109.2,-86.31,-171.85,151.5,34.65,-7.95
,-3.262,3.795,-1.78,64.96,-101.57,-127.19,147.75,33.3,-4.5
,-4.704,4.666,-1.139,30.94,-98.42,-83.72,144.15,33.3,2.25
,-4.101,5.733,-0.39,15.89,-73.85,-57.05,142.65,33.45,2.25
2508.0,-6.396,4.381,-0.921,10.64,-62.23,-48.93,140.7,33.0,5.85
,-7.664,3.611,-1.586,18.41,-47.32,-25.27,139.5,32.85,7.5
,-7.794,2.599,-1.412,28.35,0.21,43.68,139.5,32.4,7.65
,-5.877,0.983,-0.246,30.45,51.45,124.18,138.9,32.4,7.8
2586.0,-1.675,1.586,2.915,41.86,116.27,218.26,141.15,31.95,6.45
,4.329,1.929,1.438,84.63,181.09,264.46,144.45,33.0,6.9
,9.34,0.983,-0.802,115.08,245.49,283.64,150.6,33.75,2.1
,17.693,4.513,-1.481,103.04,269.15,280.49,157.2,34.2,-4.5
2665.0,25.202,7.669,-3.683,85.33,221.55,189.98,163.35,34.8,-6.15
,22.78,5.508,-6.573,64.4,89.25,78.05,169.65,36.15,-15.3
,19.954,5.274,-2.139,31.64,11.76,46.48,171.75,37.95,-17.7
,20.323,6.121,-0.385,50.4,4.83,21.07,170.25,40.95,-17.1
2743.0,19.155,5.523,-2.785,82.32,21.0,-26.04,171.45,40.8,-19.2
,16.884,4.544,-5.195,67.48,52.15,-88.41,171.6,41.7,-18.9
,12.67,3.979,-2.783,17.29,109.76,-144.69,169.2,39.45,-20.7
,9.064,3.285,-1.405,-4.69,143.36,-174.51,168.15,40.5,-24.75
2821.0,8.818,3.944,-1.79,-4.2,185.08,-178.78,167.55,40.65,-27.0
,8.739,4.276,-1.833,-16.52,226.38,-182.63,165.45,39.6,-29.7
,7.286,4.558,-1.74,-22.75,216.02,-183.61,163.35,39.6,-34.35
,6.437,4.666,-0.316,-45.29,192.99,-170.45,161.55,37.65,-35.85
2900.0,5.398,4.738,-1.737,-73.36,199.08,-166.39,159.15,37.95,-37.35
,4.779,4.977,-1.622,-78.75,199.43,-132.93,157.35,36.15,-37.2
,6.03,6.114,-0.763,-65.73,166.53,-93.1,154.2,37.35,-37.65
,5.92,6.231,0.11,-30.59,126.98,-75.25,154.65,36.75,-40.35
2979.0,4.286,5.894,0.715,-21.35,89.95,-69.79,151.05,38.4,-42.6
,2.714,5.848,2.067,-38.43,60.9,-55.58,150.15,36.3,-39.45
,1.663,6.059,2.883,-45.78,62.44,-35.21,148.95,37.35,-42.15
,2.797,7.095,4.774,-57.19,100.73,-1.75,148.95,36.75,-42.9
3057.0,6.198,8.397,4.556,-39.41,114.94,2.38,146.4,37.05,-44.25
,6.406,7.928,3.676,17.92,83.51,-25.34,147.15,36.3,-44.7
,4.764,6.927,3.278,61.95,19.81,-43.96,146.25,35.7,-43.35
,4.188,7.136,3.381,118.93,-100.1,-64.89,145.05,34.8,-43.2
3135.0,3.929,7.581,2.371,138.95,-158.69,-85.4,144.6,36.0,-38.7
,3.518,8.284,2.838,134.26,-142.87,-70.14,144.15,37.05,-34.8
,4.494,9.086,3.005,127.61,-56.14,-47.04,142.2,35.55,-31.35
,5.43,10.68,1.223,105.21,59.15,-72.59,141.9,36.15,-28.2
3213.0,6.243,10.61,-1.022,60.76,126.14,-60.9,138.6,35.25,-23.55
,4.719,9.215,0.093,10.22,102.34,-55.58,138.15,35.25,-22.2
,3.503,9.031,1.273,2.38,38.5,-33.88,137.1,35.1,-21.6
,4.8,11.464,2.12,1.89,38.5,-33.11,137.4,36.15,-20.55
3292.0,3.664,10.225,1.462,48.16,28.35,-60.55,136.5,34.2,-19.95
,2.469,9.22,2.376,120.96,105.77,-22.82,137.55,33.9,-18.6
,2.237,8.373,1.687,151.13,157.5,-19.18,135.3,33.45,-14.85
,2.144,8.167,-0.732,72.38,98.49,-5.46,135.15,33.15,-13.95
3370.0,2.158,8.782,-0.313,168.84,137.62,-44.59,134.4,34.35,-10.2
,2.029,8.729,0.031,218.47,166.67,-38.85,133.8,32.85,-7.35
,0.723,9.866,-0.897,168.49,18.27,-85.26,134.1,33.45,-0.75
,0.751,9.866,-3.01,42.98,-105.91,-114.24,131.4,31.35,2.55
3448.0,0.921,9.464,-2.814,56.98,-25.76,-153.51,130.2,31.5,7.95
,0.196,10.644,-0.768,65.8,55.09,-88.27,128.85,31.05,7.05
,-0.309,9.935,-2.764,93.59,65.59,-60.13,126.3,29.4,11.25
,-0.486,9.351,-3.128,155.26,90.3,-49.42,125.85,28.8,16.05
3527.0,-1.036,9.416,-3.64,73.64,51.8,-62.3,126.75,29.55,17.1
,-0.986,8.811,-3.972,-3.36,17.5,-95.62,126.3,27.9,19.2
,-1.307,8.705,-4.152,88.83,63.14,-131.11,125.55,27.3,19.8
,-3.714,10.826,-6.387,154.56,125.23,-162.82,124.5,25.95,22.95
3606.0,-3.352,9.751,-6.944,191.66,147.7,-177.59,123.15,24.3,25.95
,-3.293,8.428,-6.88,212.8,173.11,-143.92,122.7,23.25,30.45
,-2.893,7.499,-6.561,135.1,148.26,-125.3,123.9,20.55,34.8
,-2.441,7.588,-5.516,53.69,112.84,-112.42,125.4,20.7,39.3
3684.0,-2.084,7.272,-5.14,74.41,112.98,-99.47,127.2,19.95,37.2
,-2.182,6.92,-5.116,103.25,113.82,-90.37,127.65,19.8,39.3
,-2.044,7.698,-5.095,26.18,36.19,-104.16,129.0,19.35,40.35
,-3.388,7.94,-5.973,124.39,86.73,-118.51,128.7,19.2,42.75
3762.0,-3.364,8.055,-6.308,144.27,86.17,-120.54,128.85,18.9,44.7
,-2.417,7.246,-5.997,99.54,93.94,-120.54,127.95,19.05,50.25
,-1.816,6.128,-6.198,103.67,89.74,-126.63,129.45,15.9,51.6
,-2.079,5.894,-6.71,140.49,75.46,-131.32,128.85,15.15,54.3
3841.0,-2.498,6.449,-6.911,143.08,50.47,-133.14,130.2,14.1,54.6
,-2.816,6.504,-6.731,105.35,22.05,-130.41,131.25,11.1,60.6
,-3.149,6.224,-6.071,66.36,-15.75,-134.96,130.2,10.95,60.9
,-3.178,5.298,-6.853,45.22,-80.64,-133.49,127.8,7.2,64.65
3919.0,-2.178,4.673,-6.997,11.55,-75.67,-123.9,128.85,8.85,66.6
,-3.427,5.346,-5.839,40.46,-27.44,-121.45,126.15,6.45,69.45
,-4.243,5.592,-6.178,61.81,-13.16,-117.18,124.2,8.4,71.1
,-4.666,5.504,-6.6,49.07,-48.44,-91.14,123.75,5.25,71.1
3997.0,-3.965,3.805,-6.379,24.29,-89.88,-77.0,123.75,4.35,72.15
,-4.877,3.295,-6.877,40.6,-100.24,-77.35,122.1,5.1,74.1
,-5.556,3.534,-6.688,37.1,-108.22,-71.75,120.6,3.9,75.6
,-5.98,3.561,-5.757,29.54,-141.54,-61.18,118.2,4.2,78.75
4075.0,-6.181,2.496,-5.784,29.82,-143.99,-71.82,117.3,3.75,81.6
,-7.126,2.46,-5.985,57.68,-119.28,-77.63,114.6,4.2,84.0
,-7.018,1.984,-5.24,72.52,-80.01,-75.18,112.35,4.05,84.75
,-8.39,2.402,-5.217,72.52,-68.6,-66.99,110.85,4.5,85.2
4154.0,-9.481,1.929,-5.441,-35.21,-146.51,-65.1,110.1,5.25,85.5
,-9.818,0.132,-6.657,-137.83,-307.44,-50.82,108.15,7.05,82.35
,-11.46,0.969,-5.966,-37.24,-247.03,-29.89,104.25,10.5,77.25
,-11.364,0.972,-4.85,31.64,-125.09,4.48,102.75,11.85,65.85
4233.0,-8.514,-0.244,-5.018,62.58,-55.23,-6.93,103.05,7.95,59.1
,-10.019,-1.845,-8.136,102.83,18.62,-48.58,105.45,7.65,53.85
,-9.722,-2.254,-7.918,85.75,66.5,-36.68,103.35,3.75,51.75
,-9.981,-2.223,-7.428,67.13,77.56,-22.54,106.8,-0.15,48.6
4311.0,-8.124,-3.18,-7.856,57.05,70.49,-14.0,107.4,-1.95,48.15
,-7.999,-3.965,-8.49,60.2,84.42,-30.87,108.6,-4.5,46.65
,-9.196,-4.319,-9.615,52.71,95.27,-43.26,109.8,-6.15,48.3
,-9.06,-4.228,-9.552,11.2,94.92,-26.81,108.45,-6.0,47.7
4389.0,-7.463,-2.816,-7.801,-48.02,72.87,-3.29,109.5,-9.0,48.75
,-7.083,-2.154,-7.471,-69.44,52.92,-11.9,109.35,-9.3,53.7
,-6.916,-0.912,-6.868,-64.61,97.02,-10.29,109.5,-8.4,54.75
,-6.332,-3.699,-14.255,-106.19,101.43,-49.42,108.75,-6.45,57.0
4468.0,-8.031,-0.503,-6.908,-106.47,136.57,-56.56,110.7,-5.7,58.35
,-6.978,-0.311,-6.621,-77.63,50.61,-30.24,112.2,-4.8,59.85
,-7.332,0.742,-6.241,-61.53,-58.52,-19.67,112.65,-4.8,61.5
,-7.023,0.175,-8.014,-37.45,-115.71,1.12,111.3,-3.3,64.2
4546.0,-8.629,-0.275,-8.497,-19.81,-72.52,5.88,110.1,-3.0,65.1
,-9.174,-0.256,-8.423,-44.52,-39.55,7.28,108.0,-3.75,67.95
,-8.239,-0.132,-8.019,-76.79,4.27,24.29,108.9,-4.5,68.85
,-7.377,0.857,-6.566,-94.01,-2.03,42.49,108.45,-2.25,67.95
4624.0,-7.334,0.778,-7.076,-80.15,-46.06,49.91,108.0,-2.1,68.25
,-7.291,1.122,-6.698,-41.79,61.67,41.3,108.15,-0.45,70.2
,-5.93,0.66,-7.653,-23.1,81.41,41.23,106.5,-1.5,70.2
,-4.573,1.213,-6.382,-49.63,64.75,35.49,109.95,-0.3,69.15
4702.0,-4.745,0.945,-7.308,-52.85,60.83,25.76,111.0,-0.9,68.1
,-4.501,1.003,-7.487,-55.65,60.48,17.01,112.35,0.15,68.25
,-4.396,1.376,-7.176,-64.4,42.77,13.02,111.15,1.2,67.2
,-2.599,1.445,-7.487,-65.94,34.16,2.52,114.3,1.35,67.95
4781.0,-2.9,1.811,-7.219,-62.72,41.86,-16.52,114.3,3.0,67.05
,-4.807,2.57,-6.53,-50.89,56.0,-27.51,114.0,4.35,67.35
,-4.068,2.448,-6.478,-49.77,34.51,-18.06,116.55,4.65,66.45
,-3.178,2.391,-6.849,-51.59,40.32,-14.98,115.5,4.2,65.4
4860.0,-2.491,2.587,-6.195,-50.33,35.84,-33.04,116.7,5.55,64.2
,-2.446,2.97,-5.913,-34.3,31.78,-48.51,118.5,6.75,64.2
,-3.187,3.116,-5.98,-14.98,16.66,-59.08,118.8,6.6,61.5
,-3.745,2.895,-6.487,1.75,8.4,-56.07,118.35,6.15,62.1
4938.0,-4.032,2.393,-7.353,10.71,-10.57,-37.94,118.5,6.3,62.1
,-3.946,1.797,-8.136,9.59,-13.65,-38.29,118.35,6.3,62.25
,-4.625,1.96,-7.729,15.12,37.24,-51.94,119.1,6.3,65.1
,-4.216,1.943,-7.212,18.97,67.48,-40.39,118.35,6.15,63.75
5017.0,-5.489,2.379,-6.178,23.73,29.89,-37.66,119.7,6.15,64.8
,-5.604,1.902,-6.99,18.62,-57.89,-53.41,120.75,6.45,64.65
,-5.109,1.603,-7.916,15.26,-64.75,-58.17,118.95,5.1,67.35
,-4.781,1.268,-7.588,12.11,-31.29,-66.08,118.35,5.55,66.9
5095.0,-5.363,1.981,-6.949,3.92,-26.88,-82.88,118.2,2.85,68.7
,-5.252,1.5,-6.554,12.25,6.51,-51.73,117.15,6.6,70.65
,-6.346,1.488,-6.279,37.52,10.92,-52.99,115.95,6.15,71.25
,-6.554,1.06,-7.004,33.32,-26.67,-56.35,116.85,5.55,71.7
5173.0,-6.463,0.912,-7.411,15.19,-29.61,-61.46,116.85,4.95,72.9
,-6.726,1.414,-6.32,16.52,-17.29,-59.64,115.95,3.9,75.6
,-7.262,1.235,-5.98,33.18,-35.63,-46.76,117.3,4.35,76.35
,-7.184,0.514,-6.576,50.61,-48.3,-44.45,117.0,4.5,79.2
5251.0,-8.169,0.163,-7.016,77.56,-18.97,-51.17,117.15,5.25,80.85
,-8.878,-0.519,-8.062,76.16,0.98,-59.22,116.25,4.8,83.25
,-8.672,-0.816,-8.363,67.97,16.87,-58.1,117.0,5.25,85.65
,-8.136,-1.06,-8.081,91.7,39.34,-48.72,119.25,5.4,88.8
5330.0,-8.028,-2.259,-8.717,102.06,43.54,-41.51,120.75,5.85,90.9
,-8.33,-1.929,-9.172,102.48,35.07,-31.71,122.85,7.65,92.55
,-8.598,-1.977,-9.091,92.61,32.2,-17.36,123.0,8.25,94.35
,-7.605,-2.649,-8.32,78.33,42.42,-7.84,126.0,8.55,95.1
5408.0,-8.38,-2.383,-7.906,69.86,51.87,-4.83,127.5,9.3,97.95
,-8.196,-2.091,-7.913,56.14,22.96,18.27,127.2,8.25,97.8
,-6.559,-3.19,-8.488,22.89,-36.54,57.05,127.2,9.45,99.0
,-5.339,-3.747,-8.693,20.44,-64.19,62.09,124.35,9.15,101.25
5486.0,-5.961,-3.628,-8.911,51.66,-57.96,46.27,119.7,12.3,101.1
,-7.14,-3.015,-8.229,17.15,-24.85,74.06,117.0,12.0,101.1
,-6.748,-3.319,-8.21,3.15,-9.73,74.83,113.25,10.5,97.65
,-6.712,-3.534,-7.794,0.98,-14.21,68.18,111.75,9.9,94.05
5565.0,-8.306,-2.489,-7.306,6.16,-30.45,61.46,111.3,7.95,88.8
,-9.399,-2.644,-7.186,-7.14,-49.91,79.1,109.95,8.4,83.1
,-8.744,-2.027,-6.116,-29.12,-153.58,75.04,109.5,5.85,80.55
,-8.861,-1.941,-7.14,-19.32,-172.41,77.63,108.0,6.0,77.55
5644.0,-8.519,-1.991,-6.789,-0.35,-46.48,95.41,105.45,2.7,75.6
,-6.382,-2.414,-7.121,-14.91,22.68,100.17,104.1,0.9,70.2
,-5.659,-1.395,-6.789,-79.94,53.06,86.17,103.65,0.9,69.6
,-4.774,-1.831,-8.1,-37.73,28.0,70.98,106.35,-1.35,67.8
5722.0,-6.095,-2.414,-10.199,0.77,16.24,66.64,107.55,-0.45,66.3
,-7.332,-2.716,-10.558,-7.07,-19.25,86.45,106.05,-1.35,65.7
,-7.428,-2.424,-10.45,-40.6,-69.65,115.64,107.7,-2.55,66.9
,-3.9,-2.41,-9.94,-49.49,-80.01,118.79,107.7,-2.4,67.35
5800.0,-4.819,-0.861,-8.327,-48.37,-0.98,70.84,105.75,-2.7,65.85
,-6.241,0.208,-6.612,-53.9,-24.64,47.04,105.45,-1.8,67.05
,-6.808,0.871,-5.908,-52.71,-37.31,41.09,105.15,-0.3,68.4
,-7.021,1.347,-5.662,-56.21,-57.33,38.78,105.45,1.05,68.7
5878.0,-6.564,1.577,-5.453,-50.12,-59.01,37.52,104.4,-0.75,69.45
,-6.657,2.41,-4.336,-52.36,-27.37,43.4,104.25,1.2,69.45
,-6.449,3.357,-3.336,-62.65,-40.74,45.22,104.1,3.0,68.4
,-5.554,3.465,-3.195,-49.35,-70.42,31.85,102.75,3.75,66.15
5957.0,-5.523,3.735,-2.637,-25.55,-38.85,10.43,103.2,3.3,67.05
,-6.626,4.477,-1.622,-8.89,-9.24,-2.52,102.75,3.45,65.7
,-7.38,4.377,-1.491,-0.35,-64.33,4.13,102.0,4.5,65.55
,-7.43,3.805,-2.45,7.07,-72.8,11.48,102.15,5.85,67.35
6035.0,-7.38,3.527,-3.278,29.54,-35.84,7.98,101.4,6.0,65.85
,-7.633,3.355,-3.23,35.7,-23.66,2.31,100.5,4.95,65.55
,-8.081,2.986,-4.011,42.98,-18.2,-3.57,100.05,4.35,64.95
,-8.701,2.893,-3.893,42.84,-22.68,-7.28,101.25,3.15,65.7
6113.0,-9.684,2.757,-3.661,40.6,-36.12,-6.02,99.6,3.6,65.1
,-9.837,2.374,-4.204,40.39,-45.43,0.21,99.0,2.1,66.0
,-9.258,2.053,-4.499,40.74,-44.03,4.13,99.0,-0.3,64.95
,-9.014,1.613,-5.358,45.99,-16.8,2.59,98.25,1.65,64.2
6192.0,-8.926,1.359,-5.82,48.93,0.84,-1.61,98.25,0.6,65.1
,-8.476,1.132,-6.222,44.24,6.65,-3.22,98.1,1.2,63.6
,-7.947,0.885,-6.487,39.13,13.58,-8.33,98.55,-0.6,64.05
,-7.595,0.335,-7.102,32.27,46.2,-20.37,99.3,-3.9,65.1
6271.0,-8.229,0.567,-7.004,23.52,86.24,-30.45,100.35,-3.6,64.2
,-8.088,0.68,-6.628,18.06,86.38,-31.22,100.05,-2.85,64.5
,-7.818,0.699,-6.535,21.56,79.31,-29.26,100.5,-4.35,66.3
,-7.126,0.141,-7.511,31.15,76.3,-32.62,103.95,-4.35,67.2
6349.0,-7.023,-0.366,-8.464,36.54,101.85,-41.3,103.2,-4.65,66.75
,-7.385,-0.28,-8.052,26.25,96.53,-55.02,104.25,-4.95,66.6
,-7.382,-0.469,-7.985,23.38,62.16,-62.3,105.75,-6.3,66.15
,-6.76,-0.766,-8.011,12.39,49.56,-75.39,105.6,-6.45,67.65
6427.0,-6.882,-0.821,-8.083,0.49,58.59,-90.37,105.6,-4.5,67.5
,-6.966,-0.644,-8.002,-18.13,74.06,-95.55,107.25,-4.8,68.55
,-7.169,-0.826,-8.133,-38.78,87.15,-89.32,109.65,-4.05,67.35
,-6.011,-1.129,-8.5,-54.46,82.81,-73.57,108.9,-5.7,67.8
6506.0,-5.367,-1.278,-8.748,-60.48,74.83,-73.08,112.2,-4.35,66.3
,-5.351,-1.342,-8.973,-52.64,55.79,-74.83,111.9,-3.75,68.55
,-5.126,-1.452,-9.191,-50.61,51.8,-81.13,112.95,-2.25,66.15
,-4.697,-1.333,-8.859,-47.53,73.71,-85.47,111.6,-2.7,69.45
6584.0,-4.274,-1.457,-8.614,-42.77,94.15,-88.27,113.4,-2.7,68.1
,-3.687,-1.493,-9.423,-13.65,107.8,-81.97,114.6,-0.75,69.75
,-3.843,-1.742,-8.772,-20.16,75.74,-80.15,115.5,-2.1,70.2
,-4.427,-1.677,-9.691,28.14,81.62,-85.05,118.5,-0.75,70.65
6662.0,-4.676,-1.699,-8.143,-25.62,26.95,-68.53,117.9,0.0,72.45
,-4.707,-1.481,-8.323,-48.23,-63.56,-53.48,120.15,-0.45,73.2
,-4.728,-1.316,-8.452,-33.04,-96.11,-44.1,121.05,1.5,73.05
,-5.556,-1.488,-8.794,-30.87,-37.8,-52.57,119.4,-0.3,73.95
6740.0,-6.439,-1.601,-8.701,-42.63,-17.5,-51.38,118.05,-0.15,76.5
,-6.308,-1.184,-8.385,-52.36,-31.08,-47.25,118.65,0.3,74.7
,-6.279,-0.531,-7.552,-49.98,-31.5,-43.54,118.2,-0.15,74.85
,-6.114,-0.199,-7.239,-41.93,-24.22,-42.7,120.15,-0.15,73.8
6819.0,-6.088,0.017,-7.071,-31.71,-22.19,-40.04,121.05,1.35,71.4
,-6.525,0.065,-7.097,-14.49,-22.82,-37.87,120.9,-0.15,72.3
,-6.564,-0.038,-7.614,-15.12,-10.5,-39.55,120.9,0.6,73.65
,-6.576,0.05,-7.569,-26.18,3.43,-42.21,121.65,1.95,69.0
6898.0,-6.066,0.031,-7.334,-9.59,16.52,-49.49,120.3,1.5,68.85
,-6.844,0.469,-6.868,-16.03,14.7,-41.16,121.35,0.15,69.0
,-6.363,0.704,-6.997,-13.02,-9.59,-24.5,121.95,1.95,65.7
,-5.678,0.299,-7.547,-21.49,-21.56,-12.18,122.4,0.3,66.3
6976.0,-5.918,0.586,-7.088,-8.19,-33.88,-10.22,120.0,1.2,65.4
,-6.683,0.744,-7.09,13.02,-35.35,-4.2,121.05,0.0,64.95
,-7.014,0.73,-6.87,16.73,-33.18,7.56,120.15,0.9,65.7
,-7.239,0.787,-6.616,6.72,-37.52,16.17,120.6,-0.45,66.0
7054.0,-7.1,0.998,-6.198,6.86,-42.28,24.71,120.45,-0.75,66.6
,-7.066,0.9,-6.293,10.5,-34.51,22.54,119.55,-1.5,67.65
,-7.265,0.873,-6.111,19.95,-34.16,22.89,118.5,0.15,67.2
,-7.559,0.586,-6.365,24.57,-50.54,33.18,117.0,0.45,68.7
7133.0,-7.006,0.495,-6.363,28.28,-74.83,52.64,118.95,0.9,69.6
,-6.633,0.146,-6.578,34.51,-54.46,44.03,117.15,-1.05,69.9
,-7.49,0.038,-6.506,39.62,-24.22,38.36,115.2,-0.45,71.7
,-7.861,0.292,-5.662,36.4,-38.5,48.58,116.7,-0.45,72.3
7211.0,-7.353,0.098,-5.645,34.37,-56.77,62.93,114.45,-3.0,73.95
,-7.114,-0.558,-6.516,35.21,-60.34,69.37,114.3,-0.75,75.0
,-6.7,-1.055,-7.777,44.66,-59.01,60.9,111.3,-0.6,75.75
,-6.803,-1.653,-8.452,48.79,-56.07,55.09,111.0,-0.6,77.85
7289.0,-7.011,-1.106,-7.425,37.38,-37.66,41.3,108.6,-1.05,79.5
,-7.605,-0.378,-5.578,46.2,-32.13,38.15,107.25,-2.1,80.4
,-7.954,-0.079,-5.099,56.07,-54.32,55.93,107.4,-0.6,81.6
,-8.748,0.182,-4.082,57.68,-42.28,60.13,106.95,-0.9,82.65
7367.0,-8.882,0.201,-3.929,62.02,-21.0,57.54,104.4,-1.5,83.7
,-8.61,-0.096,-4.24,56.84,-17.22,58.17,104.1,-0.15,83.25
,-8.734,-0.11,-4.523,59.29,-22.47,55.09,104.1,-0.15,84.0
,-8.476,-0.122,-4.671,70.84,-11.48,53.06,103.05,-1.35,80.4
7446.0,-7.94,-0.479,-4.92,87.5,-2.1,57.89,102.15,0.15,80.25
,-7.72,-1.658,-6.841,85.19,5.74,61.88,102.0,-0.75,76.95
,-6.7,-3.137,-9.646,75.53,28.91,77.35,103.5,-2.85,72.9
,-6.88,-3.319,-9.761,53.62,44.31,60.34,103.5,-2.55,69.3
7525.0,-6.674,-2.367,-8.72,52.01,29.4,45.78,105.15,-3.45,66.6
,-6.466,-1.804,-7.554,45.64,-11.9,56.21,105.45,-6.15,65.7
,-7.095,-1.56,-7.057,55.16,-45.43,66.71,106.95,-4.65,64.95
,-7.772,-1.665,-7.021,67.13,-44.45,74.06,107.55,-7.2,64.2
7603.0,-8.516,-1.579,-7.181,64.26,-32.34,76.44,108.0,-8.55,63.0
,-8.248,-1.653,-7.368,47.67,-13.23,70.98,105.9,-8.55,65.1
,-8.37,-1.35,-7.246,35.07,-2.59,53.83,106.65,-8.7,63.45
,-8.378,-1.228,-7.382,30.94,-8.68,53.06,105.9,-9.6,63.15
7682.0,-8.902,-0.928,-7.363,28.0,-19.81,72.45,105.3,-13.2,63.9
,-9.847,-0.598,-7.2,23.87,-45.64,111.44,105.15,-12.45,63.75
,-7.629,-0.345,-7.131,-0.42,-63.49,141.89,105.15,-11.85,64.5
,-6.461,0.072,-6.748,-24.15,-5.04,115.01,101.85,-10.2,64.5
7760.0,-6.736,0.048,-7.37,11.13,34.3,64.96,101.1,-10.05,67.05
,-7.693,0.136,-8.078,23.17,35.07,37.66,101.85,-11.25,65.25
,-7.624,0.323,-7.449,10.01,17.15,38.5,101.4,-9.9,66.45
,-7.777,0.639,-7.112,0.84,6.72,38.43,100.65,-11.25,67.95
7838.0,-7.925,0.986,-7.198,-4.83,8.19,42.84,101.25,-9.15,65.7
,-7.351,1.261,-6.659,-17.29,11.97,47.81,99.75,-9.75,67.95
,-7.715,1.788,-6.111,-18.48,9.73,42.35,102.75,-7.65,67.65
,-8.287,1.965,-6.698,-16.52,-2.31,41.23,101.25,-7.8,66.75
7916.0,-7.916,1.639,-7.298,-17.08,10.01,38.57,100.8,-8.25,67.2
,-8.303,1.613,-8.031,-9.66,32.13,25.13,103.2,-7.5,67.5
,-8.67,1.704,-8.229,-5.6,43.47,14.42,101.85,-5.4,66.6
,-9.17,1.651,-8.763,-9.87,42.42,16.87,102.9,-6.0,67.5
7995.0,-9.16,1.216,-9.952,-27.02,44.87,34.93,103.5,-4.5,68.7
,-8.686,0.881,-10.012,-44.59,62.72,45.85,103.95,-4.05,70.05
,-7.535,0.68,-10.002,-63.49,76.65,33.18,103.95,-2.25,68.85
,-7.308,1.443,-8.631,-78.68,73.5,21.07,105.9,-2.1,68.7
8073.0,-6.281,1.797,-7.633,-85.19,55.16,24.01,107.1,-0.15,68.25
,-6.348,2.589,-6.229,-81.27,35.42,26.74,107.55,0.75,67.95
,-6.143,3.137,-5.587,-73.71,28.63,25.83,108.3,4.65,67.35
,-5.437,3.609,-4.731,-71.96,40.81,20.93,110.7,4.2,64.5
8152.0,-4.235,4.099,-3.888,-73.99,56.14,5.18,112.05,5.55,64.8
,-3.652,4.496,-3.769,-57.82,64.54,-11.83,113.4,6.3,64.8
,-3.312,4.551,-4.176,-32.97,73.5,-30.38,113.85,6.0,62.4
,-2.62,4.563,-4.307,-17.01,68.32,-43.68,114.6,6.0,61.65
8230.0,-1.912,4.362,-4.616,-3.78,78.33,-50.54,114.6,7.8,61.8
,-1.263,4.066,-5.279,14.21,77.77,-60.13,115.65,7.95,61.95
,-1.608,3.948,-5.532,21.0,80.5,-72.17,118.5,7.5,62.7
,-0.529,3.082,-6.375,14.14,87.36,-69.79,117.6,7.65,60.15
8309.0,0.613,2.635,-6.049,-17.22,99.47,-77.14,118.95,7.2,62.1
,1.479,2.572,-4.544,-18.34,83.09,-97.23,118.95,7.2,59.85
,1.575,2.072,-3.807,38.01,46.9,-121.66,122.1,7.95,60.0
,-1.486,2.012,-5.695,56.07,47.67,-157.43,121.2,8.1,59.55
8387.0,-5.398,2.132,-6.533,77.0,84.84,-147.56,122.4,7.05,60.6
,-6.887,2.56,-7.14,100.45,120.05,-84.14,123.15,6.3,62.7
,-6.47,1.543,-7.676,118.09,-21.42,-49.63,123.0,4.5,63.15
,-6.138,1.579,-7.289,27.3,-158.62,-35.77,126.0,4.5,64.2
8465.0,-6.669,1.603,-6.415,5.39,-178.99,-53.97,124.95,3.15,66.75
,-10.053,2.769,-7.846,64.82,-98.56,-58.24,120.0,3.15,70.5
,-10.433,2.206,-8.363,109.2,-31.71,-38.43,117.6,3.6,75.3
,-9.265,1.996,-7.195,84.56,-36.19,-20.65,117.0,3.75,76.8
8543.0,-8.141,1.744,-7.114,41.65,-71.47,-18.27,117.45,4.65,79.8
,-7.411,1.448,-6.774,42.84,-83.37,-17.08,116.25,4.05,83.55
,-7.925,1.302,-7.255,45.92,-99.4,-14.56,113.1,8.25,85.5
,-6.961,0.074,-7.396,33.67,-137.76,-16.94,111.9,10.8,86.85
8622.0,-6.822,-1.103,-7.358,49.84,-139.16,-24.57,110.4,10.95,85.65
,-9.378,-0.672,-7.763,112.91,-93.38,-31.64,107.55,15.75,82.35
,-11.778,-0.747,-8.818,125.23,-44.24,-12.74,108.3,19.8,78.45
,-12.058,-1.429,-9.454,91.63,-30.03,18.48,110.25,21.45,69.15
8700.0,-11.795,-1.397,-8.978,56.14,-33.6,32.2,114.15,21.0,55.95
,-10.78,-1.895,-9.373,42.35,-4.9,35.28,116.25,19.95,44.55
,-9.519,-2.075,-9.086,46.62,37.31,38.22,118.05,16.05,37.95
,-8.67,-2.364,-9.225,41.44,60.06,41.23,118.65,13.35,32.4
8778.0,-8.354,-2.297,-8.823,42.07,89.81,50.75,118.65,8.25,33.75
,-8.155,-2.357,-8.217,41.02,99.96,59.99,116.85,5.25,31.95
,-8.521,-2.922,-9.835,20.58,83.72,54.04,117.9,3.15,34.5
,-7.739,-3.805,-11.565,9.66,93.31,39.06,118.8,-0.45,38.1
8857.0,-7.164,-3.881,-11.414,8.82,120.05,28.0,116.85,-1.8,41.55
,-6.947,-3.183,-10.732,-6.58,130.69,20.65,116.85,-5.4,46.35
,-6.403,-2.781,-10.189,-27.44,105.07,21.0,117.45,-3.6,50.7
,-5.93,-2.687,-10.017,-41.16,91.14,19.39,117.75,-5.25,54.75
8936.0,-5.903,-2.448,-10.5,-51.52,91.0,17.01,118.5,-6.0,58.65
,-4.779,-2.379,-10.16,-63.14,93.73,15.26,119.25,-4.8,59.85
,-3.745,-1.895,-8.976,-55.23,117.88,1.19,120.15,-4.95,61.5
,-2.627,-1.096,-7.09,-50.61,122.99,-20.44,120.6,-5.25,64.35
9014.0,-2.156,-0.476,-6.829,-57.75,89.18,-42.98,123.6,-5.1,64.05
,-1.575,-0.364,-6.935,-63.14,70.07,-42.91,122.4,-3.0,63.45
,-1.11,-0.012,-6.473,-70.28,51.8,-33.88,126.0,-2.4,63.6
,-0.811,0.586,-5.97,-72.1,33.95,-29.68,128.85,-1.95,60.75
9092.0,-0.187,0.761,-5.889,-64.26,25.06,-27.3,129.0,-1.05,60.15
,0.093,1.235,-5.652,-55.3,19.46,-33.53,127.8,0.15,57.75
,-0.017,1.859,-5.401,-45.78,10.43,-38.85,131.1,1.2,60.15
,0.254,2.063,-4.834,-40.6,-5.39,-35.98,129.75,0.3,58.2
9171.0,0.337,2.383,-4.326,-31.22,-23.66,-38.57,130.5,1.65,57.6
,0.153,2.498,-4.049,-7.77,-41.37,-43.33,131.1,1.8,56.55
,-1.151,2.479,-4.757,17.15,-57.54,-46.34,130.05,1.2,57.3
,-2.57,2.682,-5.343,19.11,-75.32,-42.56,129.3,3.15,58.95
9249.0,-1.653,2.206,-4.982,3.22,-95.41,-31.5,127.5,0.75,59.7
,0.062,1.677,-2.711,8.12,-104.09,-28.56,126.0,2.1,63.9
,-0.694,1.225,-1.493,48.44,-104.58,-43.54,124.8,3.3,64.2
,-4.592,0.692,-2.984,105.21,-109.34,-58.24,123.45,2.25,66.6
9327.0,-9.124,0.072,-6.499,138.32,-105.42,-50.68,119.4,2.1,68.85
,-10.395,-1.287,-9.545,137.06,-84.84,-21.77,118.65,3.45,73.35
,-10.112,-2.091,-9.976,97.44,-91.91,-13.65,119.1,3.15,76.5
,-12.048,-1.048,-9.806,91.14,-78.89,-15.82,117.6,7.5,75.3
9405.0,-13.032,-1.632,-11.522,111.02,-41.65,0.84,117.15,13.05,72.0
,-12.831,-3.156,-14.779,117.6,-15.54,13.65,119.85,18.15,63.0
,-12.721,-4.475,-17.315,90.3,3.15,16.66,124.35,20.85,46.05
,-11.912,-5.229,-18.33,41.72,24.64,28.21,125.55,22.35,31.35
9484.0,-9.952,-5.221,-16.851,-14.42,25.48,37.1,126.15,16.5,26.25
,-7.825,-4.783,-14.073,-51.1,33.95,39.62,124.65,14.1,26.7
,-7.052,-3.967,-11.919,-65.8,49.56,39.27,122.1,10.65,38.4
,-6.683,-3.434,-10.419,-62.16,73.5,35.77,121.05,8.4,45.6
9563.0,-7.483,-2.324,-9.263,-73.99,72.66,45.01,118.95,4.35,53.25
,-5.918,-2.168,-8.055,-105.14,38.85,59.57,118.95,1.65,59.7
,-4.393,-1.433,-6.423,-120.75,13.44,57.47,118.35,-0.6,63.45
,-3.85,-0.481,-5.86,-100.52,30.94,43.19,118.5,-1.2,65.85
9641.0,-4.068,-0.282,-6.578,-79.66,57.4,31.36,118.05,-0.75,65.85
,-3.195,-0.148,-6.667,-78.47,59.22,23.94,119.25,-0.45,65.7
,-2.699,0.756,-5.901,-89.11,61.11,23.73,120.3,0.9,65.4
,-0.581,0.158,-4.525,-125.86,27.44,59.64,120.75,1.35,65.4
9719.0,0.766,1.34,-4.879,-99.12,15.89,40.25,121.95,1.65,63.15
,1.618,1.665,-3.757,-58.31,15.4,13.65,123.15,3.75,64.05
,1.953,2.182,-3.649,-34.65,-5.6,-3.64,123.15,3.9,61.8
,3.4,1.823,-3.003,-12.04,-10.5,-23.8,123.0,2.85,63.15
9798.0,3.357,1.91,-1.598,21.63,-15.26,-50.33,122.55,4.35,62.1
,1.845,1.529,-1.491,53.2,-55.79,-77.0,122.55,4.65,63.3
,-0.038,0.864,-2.18,79.1,-110.6,-100.31,122.25,5.1,63.0
,-2.678,0.093,-2.632,106.47,-154.91,-120.19,121.65,4.05,63.15
9876.0,-8.526,0.156,-3.664,146.86,-172.34,-119.7,117.6,3.45,65.55
,-14.01,0.598,-6.75,179.41,-171.64,-79.31,115.5,3.0,69.0
,-14.602,-1.615,-10.986,146.37,-154.0,-21.07,113.85,4.05,68.1
,-13.577,-2.386,-11.515,80.5,-105.14,1.12,110.55,3.15,67.5
9954.0,-14.96,-1.055,-10.914,71.54,-56.35,-15.61,109.5,6.45,60.15
,-15.511,-1.07,-11.85,70.56,-27.93,-1.54,112.35,6.3,50.85
,-14.654,-1.67,-13.508,46.9,-5.74,25.9,114.45,7.95,45.3
,-12.855,-2.312,-14.264,21.84,46.2,51.1,114.75,5.85,38.55
10033.0,-10.141,-2.754,-12.568,-2.03,90.44,65.03,115.05,2.85,36.3
,-8.236,-2.752,-10.948,-29.4,100.24,59.78,114.6,2.4,39.3
,-6.86,-2.285,-10.172,-46.9,95.97,54.74,114.0,-0.3,43.8
,-5.901,-1.725,-8.5,-47.11,100.1,58.45,115.2,-1.5,50.1
10111.0,-4.142,-1.366,-6.679,-55.44,99.19,60.06,115.2,-1.8,53.4
,-3.302,-0.5,-5.085,-48.44,93.1,48.23,115.65,-1.95,58.65
,-2.793,0.182,-4.219,-35.07,90.79,40.95,116.25,-1.65,62.25
,-1.665,0.141,-3.884,-18.83,75.04,46.62,118.05,-2.4,62.1
10190.0,-1.45,0.366,-3.159,1.05,43.47,40.6,117.6,-0.6,63.15
,-2.525,1.055,-3.647,-2.8,-34.16,44.03,117.9,-4.5,62.1
,-4.013,1.364,-5.501,-17.85,-90.02,54.67,118.8,-3.0,61.95
,-4.826,1.711,-5.226,-23.03,-118.72,74.69,118.2,-3.9,63.45
10268.0,-6.961,2.606,-5.951,-19.74,-176.96,147.28,114.9,-1.8,64.05
,-9.311,3.841,-7.344,-7.63,-280.91,285.81,116.25,-2.7,61.65
,-8.413,1.998,-8.705,60.76,-289.87,400.82,111.75,-3.15,62.25
,-8.653,4.341,-10.017,59.57,-177.03,391.93,107.85,-2.4,61.8
10347.0,-9.818,3.128,-7.282,-96.67,-62.09,352.45,104.7,-1.5,59.55
,-6.248,4.365,-7.784,-122.36,-100.94,396.76,104.1,1.05,58.8
,-4.886,4.982,-6.289,-107.73,-64.05,401.8,105.0,3.6,55.8
,-4.152,5.674,-5.671,-152.46,-37.59,346.01,105.45,6.15,54.75
10425.0,-3.381,6.052,-5.863,-154.28,-66.78,267.4,107.4,12.0,50.4
,-3.503,8.641,-7.248,-274.19,-86.24,211.68,108.15,13.2,45.45
,-3.338,8.411,-3.343,-591.29,-102.62,187.88,110.4,15.9,40.35
,0.933,7.672,5.171,-784.28,-357.91,189.21,113.25,18.75,31.2
10503.0,-10.785,15.41,6.454,-281.82,-309.4,14.84,112.95,23.4,16.2
,-0.814,11.496,0.871,41.44,-96.95,55.72,116.25,25.95,-1.05
,-0.699,9.476,3.553,50.82,-75.81,68.11,115.65,26.4,-2.55
,-0.579,9.222,2.795,22.96,-72.24,33.6,117.0,26.25,-4.05
10581.0,-0.498,9.476,2.79,5.39,-105.07,10.71,117.9,26.85,-2.55
,-1.12,10.703,2.187,-26.74,-176.68,37.17,118.2,28.95,-4.35
,0.704,9.306,3.721,-39.48,-143.29,65.03,118.5,26.7,-6.6
,0.627,8.536,4.013,-49.21,-116.76,60.62,119.7,27.3,-9.3
10660.0,0.455,9.203,2.682,-35.84,-79.17,56.14,119.4,26.85,-13.2
,0.598,8.732,3.07,-15.12,-43.05,29.05,122.55,28.05,-13.5
,0.586,8.272,2.917,15.96,-28.07,6.58,120.9,28.95,-15.9
,0.349,9.823,2.982,38.64,-26.04,16.66,121.2,28.5,-17.85
10738.0,1.484,10.33,2.627,48.65,-12.04,57.12,122.7,28.95,-15.45
,2.003,9.945,1.706,73.78,27.3,121.03,123.15,29.1,-15.75
,1.402,9.562,1.766,68.18,44.73,157.29,124.5,29.7,-15.9
,1.529,8.368,2.596,44.45,-2.52,99.68,124.95,30.75,-15.9
10817.0,2.072,9.014,2.022,55.37,15.4,50.75,127.05,30.3,-17.25
,2.828,9.529,1.515,79.31,30.24,34.16,128.25,32.4,-17.4
,3.003,9.892,1.022,97.93,48.02,20.09,128.4,31.8,-16.05
,2.903,10.991,-0.337,71.82,-22.47,32.27,127.5,30.75,-12.45
10895.0,4.614,10.615,0.158,112.14,-232.82,29.75,128.7,32.4,-12.15
,4.085,10.275,-0.653,148.68,-323.19,57.96,128.55,31.65,-11.4
,4.537,10.311,-0.115,60.97,-205.59,49.91,129.15,32.1,-9.6
,2.213,8.547,0.132,-27.09,-114.38,-4.27,130.5,34.2,-9.3
10974.0,1.577,7.882,0.845,-39.27,-91.14,-1.33,130.05,35.25,-9.0
,1.493,7.885,-0.443,-23.59,-116.62,13.51,128.7,34.95,-9.75
,2.848,8.768,-1.235,-39.13,-110.74,33.67,129.3,35.7,-10.95
,3.384,9.143,-0.297,-53.2,-103.6,32.76,129.15,34.95,-13.35
11052.0,2.936,9.026,0.263,-45.29,-99.96,23.38,128.4,34.65,-15.75
,2.532,8.756,0.462,-27.65,-94.15,17.15,131.1,37.05,-16.65
,2.28,8.808,0.938,27.44,-120.26,16.17,130.5,37.65,-17.7
,3.187,9.445,1.05,74.97,-149.87,19.39,131.1,37.8,-18.6
11130.0,3.575,10.108,1.168,42.91,-125.58,30.03,130.35,37.95,-18.45
,3.087,9.581,0.668,11.76,-88.97,30.8,129.75,37.05,-14.85
,3.491,9.545,0.189,13.02,-44.45,31.64,131.4,37.95,-15.75
,3.671,9.158,-0.325,28.98,-14.63,22.19,131.1,40.05,-18.0
11208.0,4.022,9.076,0.826,57.82,-1.33,11.41,131.55,38.4,-16.05
,3.046,8.294,0.129,114.24,13.58,45.01,134.25,37.8,-14.4
,3.821,8.646,-0.732,168.7,58.24,97.58,132.9,36.9,-15.6
,5.08,9.366,-2.067,82.46,74.62,108.92,135.3,38.55,-14.25
11287.0,5.695,8.512,-3.922,5.81,71.12,54.39,134.55,37.2,-12.75
,4.819,8.019,-3.592,-19.11,25.41,14.07,137.7,36.6,-13.35
,4.915,7.999,-4.104,33.18,-79.1,-8.68,138.6,36.75,-12.45
,4.415,7.365,-3.802,74.2,-99.33,5.74,138.75,35.1,-10.8
11365.0,4.482,7.921,-3.881,24.22,-60.2,40.18,138.0,35.25,-12.45
,4.858,8.095,-4.001,-9.66,-15.47,41.72,137.55,36.0,-9.9
,4.896,7.777,-4.982,7.07,-26.32,24.08,138.6,33.9,-12.0
,4.92,7.624,-5.506,34.51,-51.8,13.58,140.1,35.4,-10.8
11444.0,5.248,7.669,-6.195,49.98,-64.68,9.31,139.65,34.5,-11.85
,5.614,7.928,-6.439,47.04,-56.91,15.19,140.7,33.75,-10.65
,5.966,7.794,-7.722,37.8,-34.79,23.38,139.5,35.1,-7.95
,7.339,7.942,-8.988,-5.6,-8.89,28.63,138.15,35.4,-6.15
11523.0,6.7,7.157,-9.057,-78.75,-13.44,13.93,139.05,37.5,-6.9
,5.987,6.559,-7.705,-106.05,-63.21,3.01,139.65,37.5,-6.75
,5.853,7.038,-5.489,-120.96,-87.92,1.12,140.25,39.9,-8.85
,5.056,6.896,-3.57,-126.84,-92.19,-5.95,139.5,41.1,-10.8
11601.0,4.69,6.707,-2.297,-135.17,-76.72,-3.92,139.35,43.05,-11.7
,4.793,7.152,-1.22,-131.6,-65.87,-0.91,139.5,43.65,-12.15
,4.183,7.308,0.002,-128.17,-73.92,0.07,139.8,44.4,-13.65
,4.183,8.105,1.388,-118.51,-93.24,16.1,140.85,45.45,-14.25
11679.0,4.393,8.409,1.845,-101.36,-91.28,15.54,141.3,44.7,-14.55
,3.958,8.064,2.199,-91.0,-79.59,13.86,141.0,44.1,-13.95
,4.104,8.246,3.065,-78.54,-70.35,15.19,141.75,44.55,-13.2
,3.408,7.959,3.932,-55.3,-62.72,7.98,142.65,44.25,-16.05
11757.0,3.005,7.834,4.487,-33.53,-45.5,11.13,141.9,44.1,-14.85
,3.278,8.232,5.293,-21.98,-23.45,21.35,143.25,45.45,-15.9
,3.3,8.129,5.54,-1.4,8.4,19.6,143.85,44.7,-16.05
,3.941,8.038,5.229,15.68,29.75,27.37,143.25,44.55,-15.75
11836.0,4.338,7.887,5.039,31.78,40.25,31.36,142.95,46.65,-16.8
,4.563,7.746,5.205,53.69,44.38,31.29,142.5,45.15,-19.65
,5.001,7.617,5.016,79.66,59.71,36.4,144.15,47.7,-20.1
,5.626,7.447,4.63,112.77,82.88,41.09,144.3,45.75,-20.7
11914.0,6.908,7.399,2.962,135.17,113.96,43.89,145.2,47.1,-24.0
,7.155,6.667,1.173,146.79,139.3,43.54,144.15,46.05,-24.3
,7.475,6.135,-0.337,169.4,144.62,48.86,145.95,45.3,-24.9
,8.971,6.155,-2.051,195.86,144.34,52.99,144.9,43.2,-26.1
11992.0,8.983,5.413,-3.841,200.62,153.93,47.53,145.65,40.65,-22.65
,9.06,4.822,-5.707,215.18,138.46,46.97,145.8,36.45,-23.4
,9.191,4.578,-6.525,223.23,123.13,45.57,146.25,33.75,-17.4
,9.244,4.149,-7.021,222.88,111.72,38.99,147.3,29.55,-15.6
12070.0,8.892,3.467,-7.571,200.13,109.41,34.37,147.0,24.9,-10.05
,8.899,3.393,-8.402,181.72,96.46,35.56,145.8,22.8,-10.65
,9.033,3.408,-9.713,158.06,71.54,31.57,149.25,21.75,-7.95
,8.813,3.463,-10.632,108.64,56.49,28.42,149.55,19.65,-7.35
12149.0,8.65,3.331,-9.696,66.99,8.33,28.0,150.0,19.05,-5.7
,8.93,3.551,-8.447,32.9,-48.3,29.96,150.75,19.65,-6.0
,9.117,3.96,-7.83,0.98,-38.08,17.01,148.05,18.45,-5.25
,8.26,3.618,-7.767,-45.01,26.11,-13.3,149.1,20.25,-3.3
12228.0,7.093,2.903,-7.787,-73.01,35.84,-24.43,149.85,19.65,-3.0
,7.478,3.139,-7.341,-83.79,-3.36,-11.69,151.35,18.6,-3.9
,8.354,3.678,-7.109,-85.61,-38.92,-1.4,151.35,21.15,-7.05
,10.519,4.714,-7.193,-99.89,-64.26,4.83,148.95,21.9,-6.3
12306.0,12.431,6.229,-6.616,-138.39,-53.27,-10.36,150.6,20.85,-8.25
,10.684,5.284,-5.915,-176.61,-40.67,-41.16,149.7,22.5,-10.35
,10.873,5.815,-5.078,-185.85,-68.25,-45.85,149.4,25.05,-14.4
,10.189,5.583,-4.515,-197.82,-78.33,-64.19,150.15,30.3,-15.75
12384.0,8.516,5.095,-2.599,-216.65,-94.15,-81.83,150.9,31.95,-18.45
,6.832,4.908,-0.505,-224.0,-128.59,-83.72,150.0,34.2,-21.15
,6.324,5.702,1.474,-230.51,-131.6,-70.0,150.15,37.2,-24.45
,5.238,5.927,2.218,-217.07,-101.5,-66.36,149.25,39.0,-26.55
12463.0,4.089,5.954,3.419,-193.55,-91.56,-58.8,147.0,42.15,-29.55
,3.561,6.408,4.295,-143.08,-82.6,-46.83,147.9,41.55,-30.45
,2.804,6.368,5.238,-96.95,-96.67,-39.34,148.35,42.45,-31.65
,2.716,6.796,5.382,-52.92,-107.66,-29.4,148.5,42.6,-34.8
12541.0,2.539,6.714,4.702,-17.01,-101.64,-23.73,149.85,43.5,-33.0
,1.522,6.296,4.334,-0.28,-90.37,-8.26,149.7,43.5,-31.95
,0.983,6.2,4.625,14.77,-79.24,17.29,147.45,44.1,-30.15
,1.129,6.214,4.52,34.44,-55.51,44.45,148.05,43.05,-31.5
12619.0,2.754,6.301,3.173,62.51,-24.36,66.92,148.95,44.85,-29.7
,5.185,7.21,1.424,89.46,-2.03,80.15,149.25,45.45,-30.0
,6.284,7.306,0.66,100.52,16.73,70.91,150.45,44.55,-30.45
,6.169,7.064,0.168,106.12,23.03,65.87,151.05,45.6,-31.05
12698.0,6.171,6.681,1.405,109.76,71.19,80.57,152.55,45.3,-31.2
,8.722,7.499,-0.44,133.0,38.71,84.28,152.55,44.85,-30.6
,10.981,8.224,-1.883,138.18,65.94,76.58,153.6,43.5,-32.4
,10.409,7.679,-3.128,139.44,87.64,45.5,152.55,44.25,-32.1
12777.0,10.349,7.746,-4.692,163.24,112.42,-11.97,153.3,42.9,-31.2
,8.373,5.903,-4.716,173.46,118.51,-50.61,152.1,39.15,-29.4
,7.913,5.58,-4.597,176.05,109.06,-37.52,149.85,37.05,-25.05
,7.676,5.501,-4.374,151.48,55.09,-18.62,150.0,37.5,-21.45
12855.0,9.184,6.626,-3.979,132.09,49.56,-13.51,150.15,36.9,-19.95
,9.349,6.987,-4.386,127.96,142.38,-63.49,149.7,34.5,-16.65
,7.325,5.193,-5.585,114.24,204.33,-109.48,146.55,31.95,-13.2
,6.784,4.702,-5.193,62.72,199.99,-84.07,146.55,30.45,-14.7
12933.0,7.176,5.441,-4.381,34.37,136.29,-43.82,147.45,31.35,-13.95
,7.396,6.435,-3.034,12.74,49.91,-25.55,147.3,30.3,-12.9
,7.942,7.145,-2.247,-7.56,30.66,-18.41,147.45,28.95,-12.9
,8.098,7.377,-2.065,-21.56,78.89,-28.7,146.7,29.25,-13.2
13012.0,7.32,6.645,-2.197,7.49,117.11,-55.44,146.25,28.95,-14.7
,6.339,6.272,-2.426,-2.73,112.98,-49.84,146.55,29.4,-15.45
,6.688,6.686,-1.945,-28.84,74.06,-19.74,146.55,28.05,-14.7
,6.652,6.782,-1.117,-27.09,38.85,-0.28,147.6,30.0,-15.9
13090.0,7.444,7.38,-1.967,45.85,75.39,4.41,147.3,28.8,-15.6
,6.583,6.887,-1.278,-11.62,53.06,-23.31,147.6,28.05,-18.0
,6.435,6.585,-1.031,-54.67,75.53,-21.49,146.7,27.75,-17.1
,5.499,9.371,-2.575,205.1,215.11,-29.75,146.55,30.45,-19.8
13168.0,7.877,7.901,0.873,192.57,107.1,-56.21,148.2,30.3,-19.8
,6.135,6.923,-0.625,97.51,23.17,-59.22,147.0,30.15,-16.8
,6.525,7.798,-0.938,56.07,3.5,-46.9,144.9,30.75,-13.35
,6.37,8.863,-0.55,57.26,-10.92,-47.95,145.5,28.5,-12.15
13246.0,5.463,9.557,-1.486,73.5,-51.1,-34.02,146.25,28.35,-9.9
,5.027,9.792,-3.618,-24.29,-68.32,-11.41,144.75,28.65,-7.8
,4.712,7.31,-3.793,-15.54,-56.0,38.29,145.8,28.8,-8.1
,5.564,9.134,-5.176,36.82,3.71,22.61,144.6,28.65,-9.15
13325.0,5.205,10.433,-2.414,28.07,66.29,32.48,145.8,28.95,-8.4
,4.649,9.911,-3.656,16.03,52.92,57.75,149.1,29.4,-9.9
,4.759,8.753,-2.666,2.87,105.0,85.4,149.25,29.85,-9.15
,5.066,8.239,-1.586,-25.76,154.7,107.31,153.6,28.8,-13.5
13403.0,5.075,8.186,-1.019,-76.16,176.12,127.33,154.35,30.0,-19.65
,5.126,5.719,0.266,-90.86,149.45,153.3,161.1,28.5,-22.35
,6.193,4.558,0.66,-29.47,112.42,148.82,162.3,26.7,-28.35
,6.652,4.826,1.541,-45.22,139.72,154.0,166.35,27.9,-33.3
13482.0,7.097,5.224,2.355,-73.99,142.31,161.91,170.1,26.1,-40.35
,7.396,5.884,3.551,-146.86,125.58,180.6,174.9,24.0,-45.75
,7.806,1.369,4.027,-109.48,123.34,195.44,177.75,24.6,-51.45
,8.119,0.136,4.625,-48.37,128.03,124.04,178.95,22.05,-58.95
13560.0,8.016,1.352,5.032,-56.28,120.75,80.71,181.05,20.55,-63.6
,8.078,-0.412,6.801,-64.4,112.28,101.29,183.3,22.95,-67.5
,9.335,-1.134,9.282,-29.75,68.74,60.97,183.75,22.65,-72.15
,9.217,-1.094,8.48,-22.61,32.27,32.06,185.85,21.0,-75.6
13639.0,8.634,-0.94,7.519,-29.47,28.84,14.0,188.85,20.4,-74.1
,8.203,-0.957,6.671,-13.37,7.77,-10.85,187.2,20.55,-77.25
,8.387,-2.434,7.291,31.99,12.46,-51.59,187.2,21.45,-78.0
,8.916,-3.053,9.476,96.6,-0.14,-91.91,186.6,22.2,-79.5
13717.0,8.782,-1.184,9.579,157.36,-54.39,-153.3,186.15,21.45,-76.5
,6.954,1.902,7.547,136.43,-138.32,-220.78,185.1,22.95,-72.9
,6.592,3.24,5.382,63.98,-185.99,-223.79,182.25,24.3,-67.2
,7.224,3.453,5.712,74.48,-154.63,-201.74,179.1,26.4,-60.45
13795.0,6.71,3.759,5.281,106.19,-154.35,-211.54,175.35,29.55,-55.2
,5.475,4.276,2.941,155.4,-182.56,-241.08,171.9,28.2,-52.65
,4.104,6.238,1.584,213.71,-192.22,-273.28,166.8,30.75,-43.35
,2.666,7.547,-0.404,211.05,-224.28,-281.61,162.0,30.15,-34.35
13874.0,1.23,8.626,-2.371,209.65,-222.81,-255.22,155.85,32.25,-23.1
,0.34,8.698,-4.41,194.95,-198.03,-214.2,149.55,31.35,-12.6
,-0.637,8.457,-6.908,162.89,-165.06,-187.11,142.2,30.6,-1.05
,-2.333,9.722,-9.103,119.98,-136.08,-170.31,136.95,28.95,5.55
13952.0,-3.197,10.888,-11.0,19.18,-110.32,-130.97,133.2,27.9,15.45
,-2.79,11.259,-10.357,-54.32,-61.67,-72.03,128.25,26.25,20.1
,-2.187,10.419,-9.124,-21.77,9.52,-30.73,124.5,25.8,19.05
,-2.28,9.569,-8.851,-4.34,44.52,-3.5,124.8,24.0,18.45
14030.0,-1.397,9.275,-6.918,-35.07,80.78,22.96,125.25,26.7,20.85
,-1.027,9.773,-6.035,-71.26,93.03,40.04,126.6,27.6,18.0
,-1.058,10.849,-6.044,-107.52,101.36,65.31,126.75,26.55,18.9
,-0.749,10.682,-5.013,-162.75,109.62,110.67,130.35,28.05,15.45
14109.0,0.337,9.682,-3.049,-211.47,117.39,155.19,133.35,27.45,9.6
,2.008,8.851,-0.632,-216.02,116.62,181.16,137.7,31.65,4.2
,2.824,8.303,0.854,-199.64,111.58,189.35,141.0,31.05,-6.45
,3.118,7.325,1.385,-194.32,106.82,197.68,145.2,33.15,-14.7
14188.0,3.812,5.614,2.022,-197.54,110.11,205.31,151.35,34.5,-22.8
,4.685,4.279,2.857,-204.19,102.34,205.87,154.35,34.8,-29.4
,5.02,3.333,3.546,-208.74,96.53,199.22,158.55,34.95,-39.0
,5.197,2.513,4.42,-217.14,94.99,192.92,162.15,35.1,-45.6
14266.0,5.181,1.35,4.75,-228.83,92.4,190.68,166.05,34.35,-54.0
,5.654,-0.246,5.762,-227.99,91.56,184.17,169.65,30.75,-62.55
,6.162,-1.168,6.875,-212.94,85.82,163.8,172.65,30.75,-68.1
,6.463,-2.139,7.569,-197.75,76.86,137.9,175.65,29.4,-74.25
14344.0,7.21,-3.094,8.842,-163.31,75.18,102.69,176.25,28.8,-80.55
,8.162,-3.625,10.837,-108.36,67.41,53.83,179.1,26.7,-85.65
,9.031,-3.778,12.175,-31.15,52.29,-7.91,180.0,26.1,-89.85
,9.622,-3.314,12.501,43.82,33.25,-76.23,183.75,26.25,-91.95
14422.0,8.83,-2.032,10.881,72.87,6.02,-118.16,184.95,25.05,-94.5
,8.406,-1.883,9.634,70.28,-12.95,-144.76,185.85,26.7,-94.2
,7.717,-0.646,9.684,94.64,-26.04,-193.06,183.15,26.85,-92.4
,6.679,2.297,11.019,137.2,-46.13,-234.99,179.1,27.9,-89.7
14501.0,4.637,4.235,9.354,191.66,-72.94,-256.2,176.4,27.6,-86.55
,4.247,4.621,7.241,246.68,-90.37,-266.84,171.0,29.1,-76.8
,2.816,5.482,5.561,303.8,-113.26,-283.08,166.2,30.45,-68.7
,0.897,6.451,2.845,322.49,-134.47,-285.88,159.3,31.65,-58.65
14579.0,-0.416,7.842,1.295,311.22,-137.97,-270.2,154.8,34.05,-45.75
,-1.833,8.502,-0.739,298.2,-156.17,-236.04,146.4,32.85,-33.15
,-1.63,6.698,-3.111,294.49,-141.33,-204.26,141.75,33.45,-21.15
,-1.086,6.679,-2.675,299.46,-92.61,-213.64,135.75,30.75,-11.4
14657.0,-1.711,7.949,-2.419,291.9,-74.27,-239.33,132.45,30.45,-1.2
,-3.539,8.945,-4.951,256.9,-97.3,-224.63,124.2,27.6,8.7
,-4.657,9.416,-7.827,202.86,-108.43,-173.81,118.5,24.15,18.9
,-5.418,9.67,-9.825,129.36,-72.31,-122.5,115.35,21.9,25.35
14736.0,-5.899,10.96,-9.789,39.97,-17.64,-66.71,110.55,18.15,30.0
,-4.286,9.84,-7.255,-23.31,13.02,-5.39,110.55,18.9,31.65
,-4.14,9.526,-6.98,-51.52,18.62,18.55,108.75,16.2,32.7
,-4.503,10.952,-7.619,-77.21,25.41,43.96,108.75,16.2,31.2
14815.0,-5.004,11.977,-7.385,-140.63,55.86,98.07,109.35,15.75,32.1
,-4.07,10.974,-5.31,-200.13,77.7,157.71,109.95,18.15,28.35
,-2.391,8.844,-3.64,-227.22,81.62,200.76,113.25,21.45,25.05
,-0.357,6.578,-2.158,-230.3,88.55,208.18,117.75,24.0,18.6
14893.0,1.206,6.19,-0.282,-205.45,94.78,175.91,122.7,28.2,9.45
,0.826,9.21,1.874,-207.2,92.82,153.79,129.75,28.95,1.95
,0.029,8.976,0.775,-239.54,63.84,187.88,132.45,30.9,-3.45
,1.534,6.633,1.101,-253.33,60.97,220.36,136.95,33.0,-12.3
14971.0,3.125,5.602,3.527,-244.79,69.09,217.77,143.25,32.55,-22.2
,3.915,5.173,4.791,-225.75,55.51,209.3,147.0,33.75,-29.85
,4.937,3.757,5.059,-200.27,41.86,198.17,150.15,34.8,-40.95
,5.317,2.871,5.193,-192.22,42.21,177.45,156.0,33.15,-48.75
15050.0,5.654,1.989,5.748,-199.85,44.1,156.24,159.6,33.3,-55.8
,5.602,1.223,6.944,-199.57,41.58,133.84,162.9,33.0,-63.15
,7.952,-1.268,10.553,-121.17,53.55,79.52,166.05,31.35,-68.7
,11.161,-0.964,16.444,67.83,91.42,-52.85,168.6,30.3,-75.0
15128.0,8.825,1.527,14.018,193.62,41.3,-157.01,170.85,29.4,-75.9
,6.961,2.51,8.205,183.61,-0.21,-196.35,170.4,30.9,-74.4
,5.473,4.032,6.669,163.66,0.07,-222.81,164.7,30.9,-70.35
,3.218,5.004,5.197,189.07,-26.46,-243.25,161.7,32.55,-62.85
15206.0,2.24,6.248,4.185,244.51,-47.46,-266.63,156.6,31.95,-56.1
,0.804,9.177,5.547,267.96,-38.92,-287.35,150.75,32.1,-44.7
,-1.505,9.591,2.577,274.12,-63.7,-273.98,143.4,29.25,-33.0
,-2.802,9.409,-1.225,270.55,-90.02,-246.54,136.95,29.4,-20.55
15284.0,-3.941,9.519,-4.097,227.92,-64.19,-227.64,130.65,29.4,-10.95
,-4.769,10.833,-3.898,156.31,-7.84,-212.94,123.3,25.5,-0.45
,-6.04,11.553,-3.343,107.87,15.96,-171.29,118.65,23.7,5.55
,-4.377,9.284,-1.709,50.75,34.37,-16.59,115.2,23.55,12.6
15363.0,-3.125,8.875,-1.697,62.51,43.47,-53.62,111.75,18.6,18.0
,-3.53,9.167,-2.915,74.62,21.98,-41.23,111.15,19.8,16.65
,-4.968,10.881,-5.03,34.02,19.25,-22.33,111.9,18.9,18.3
,-5.966,12.819,-4.338,-59.71,28.98,20.3,110.85,17.25,22.35
15442.0,-4.58,12.307,-2.489,-131.46,22.68,97.79,110.85,16.95,21.75
,-3.63,11.756,-1.402,-163.8,-5.67,147.84,112.35,20.55,18.15
,-2.663,11.232,-1.11,-176.82,-12.18,171.92,116.85,20.7,15.3
,-2.881,12.271,0.96,-183.19,5.95,185.36,118.95,24.75,8.25
15520.0,-1.606,10.737,2.682,-145.6,14.35,207.62,123.6,25.8,0.0
,0.782,8.866,3.704,-84.7,31.92,201.81,126.75,29.25,-7.35
,2.675,8.476,5.073,-42.7,33.46,163.8,132.6,31.95,-12.15
,2.635,10.811,6.822,-5.88,7.77,117.32,136.2,33.15,-17.25
15598.0,1.704,14.022,8.378,28.42,-14.07,107.8,140.7,33.45,-21.9
,2.58,11.795,6.923,83.16,-25.69,117.18,141.3,35.85,-24.6
,4.759,9.801,5.523,144.41,-18.27,99.26,144.0,35.4,-24.15
,4.322,10.759,4.166,163.1,-24.85,54.53,145.5,35.85,-21.75
15677.0,3.345,11.804,2.333,194.6,-36.61,33.74,144.45,35.55,-19.05
,2.73,11.632,1.431,204.68,-25.69,32.27,146.7,36.75,-16.65
,2.551,9.363,-0.268,196.14,-20.16,41.86,144.15,33.45,-13.8
,2.757,8.179,-1.218,180.6,-19.53,46.2,144.0,32.7,-4.8
15755.0,2.383,7.631,-1.699,164.92,-19.04,50.19,143.4,31.35,-0.75
,2.776,6.825,-1.936,151.41,-15.82,54.88,143.25,31.65,2.55
,2.769,6.2,-2.324,132.86,-10.78,53.9,143.85,30.0,5.1
,2.73,5.169,-3.264,117.95,-1.96,50.96,143.7,27.75,8.25
15833.0,2.769,3.934,-3.707,95.27,11.13,53.34,144.15,26.55,10.95
,3.556,2.134,-4.104,78.61,18.62,53.2,144.0,27.0,12.9
,4.558,0.72,-4.47,62.02,19.04,39.48,144.45,27.45,12.6
,5.102,0.158,-4.448,44.03,16.66,12.81,145.65,25.8,15.15
15911.0,4.905,0.4,-4.807,23.17,17.71,-16.24,146.7,25.5,15.0
,4.341,0.309,-5.032,-2.52,22.96,-31.92,146.1,24.75,15.75
,4.922,-0.828,-5.353,-25.55,21.35,-43.75,145.65,24.3,16.05
,5.212,-1.213,-5.02,-59.64,17.64,-72.24,145.5,25.2,14.55
15990.0,4.92,-0.826,-4.338,-109.55,18.2,-114.1,145.35,25.8,14.1
,3.714,1.637,-2.079,-173.18,28.07,-159.53,144.9,26.1,13.5
,1.697,5.037,-0.218,-226.94,20.23,-181.72,142.35,28.65,11.55
,0.246,5.683,-0.163,-272.51,12.53,-173.32,141.6,28.95,7.5
16069.0,0.136,6.279,2.539,-272.37,12.46,-163.8,141.15,31.8,3.45
,-0.794,9.177,6.037,-277.2,1.96,-162.82,140.1,34.2,-0.3
,-2.005,10.256,4.401,-266.49,-17.71,-147.63,138.0,34.65,-5.55
,-1.388,9.083,5.413,-232.54,0.35,-129.43,138.6,34.95,-10.95
16147.0,-1.029,9.182,7.657,-164.22,30.1,-150.71,136.2,35.4,-16.95
,-2.383,12.067,9.208,-107.1,47.04,-185.15,135.75,37.8,-21.15
,-4.113,13.563,7.262,-87.99,51.66,-185.99,135.3,33.9,-22.05
,-4.846,14.982,7.696,-83.44,49.21,-160.23,135.3,33.15,-22.8
16225.0,-5.547,15.753,6.944,-44.31,22.68,-127.96,132.9,31.2,-25.5
,-5.726,15.508,5.508,-12.6,-2.03,-84.28,131.1,27.15,-23.4
,-5.183,15.068,6.466,-3.78,-8.61,-48.23,127.95,23.1,-19.95
,-5.487,15.269,6.712,8.47,-22.68,-25.83,126.3,19.65,-15.6
16304.0,-6.406,15.851,4.578,31.01,-42.98,3.5,124.5,18.75,-13.5
,-6.782,15.334,3.367,37.17,-51.24,52.22,122.4,17.25,-10.5
,-5.91,13.618,3.463,38.78,-45.36,111.3,122.1,18.3,-10.2
,-4.692,12.065,4.415,62.65,-39.41,147.56,122.7,20.1,-10.95
16382.0,-2.864,10.127,4.212,89.74,-29.47,150.22,125.7,23.4,-12.3
,-1.826,9.112,2.996,122.71,-16.52,134.4,127.05,26.85,-15.15
,-2.063,9.304,1.292,132.79,-11.9,121.45,129.75,30.75,-16.95
,-2.01,8.792,0.208,109.97,-9.45,126.91,131.25,29.85,-14.7
16460.0,-0.646,7.119,-0.39,75.32,-1.47,127.96,131.4,31.95,-14.25
,-0.031,6.152,-0.747,55.37,8.68,107.17,134.85,32.25,-15.15
,0.524,5.676,-0.67,32.48,18.76,84.42,135.15,34.65,-15.6
,1.268,4.736,-0.864,10.15,25.2,62.79,136.8,36.0,-14.85
16539.0,2.371,4.57,-0.565,3.99,34.02,7.07,139.05,35.85,-15.15
,1.692,5.444,0.823,-26.53,53.97,11.62,139.8,35.4,-15.75
,0.967,6.092,0.787,-45.71,45.99,10.01,139.8,36.15,-16.5
,1.709,5.475,1.632,-60.97,40.18,7.77,139.65,35.85,-18.9
16617.0,2.072,6.638,3.97,-82.25,43.4,-4.06,142.2,36.9,-18.3
,1.955,7.904,5.087,-102.27,35.07,-9.17,141.75,36.9,-21.6
,2.051,8.081,5.434,-112.28,15.19,-0.63,141.45,37.8,-25.05
,2.714,7.246,5.999,-113.82,-1.26,8.05,143.85,38.1,-27.75
16695.0,3.151,6.569,7.009,-117.11,-13.37,4.34,143.1,39.75,-29.55
,3.3,6.813,8.136,-115.36,-27.44,-7.77,147.75,38.1,-35.25
,3.001,7.332,8.095,-111.65,-39.97,-19.11,146.7,40.65,-40.95
,2.797,7.038,8.157,-105.14,-52.08,-25.69,147.45,40.5,-43.95
16774.0,1.675,7.6,7.107,-81.97,-45.78,-75.81,147.75,39.75,-48.3
,2.139,6.664,7.298,-70.98,-52.99,-80.08,147.75,35.85,-47.25
,1.249,7.262,7.124,-57.19,-58.52,-73.36,146.25,37.65,-46.65
,0.797,7.794,7.203,-38.71,-66.78,-72.17,144.15,35.25,-46.05
16853.0,0.548,8.612,7.727,-31.64,-72.31,-72.31,141.9,33.3,-44.4
,-0.084,10.718,8.634,-16.38,-77.77,-79.59,138.45,31.35,-40.95
,-1.821,13.092,8.083,8.96,-104.93,-77.98,134.55,30.15,-36.6
,-3.704,15.386,5.69,39.9,-119.35,-52.36,131.4,27.6,-31.05
16931.0,-3.886,16.212,5.274,77.42,-101.92,-13.72,129.0,26.85,-28.2
,-3.539,15.219,4.69,89.18,-97.44,25.48,126.45,27.6,-23.55
,-3.259,15.683,4.599,122.36,-98.63,57.82,126.15,27.0,-23.25
,-3.424,15.595,3.546,146.37,-75.6,86.66,124.95,29.1,-21.75
17009.0,-2.922,13.623,1.912,133.91,-40.81,126.28,127.5,30.0,-24.9
,-0.873,10.306,1.256,108.99,4.34,136.29,132.45,32.4,-23.55
,0.081,8.279,1.342,88.27,13.3,141.68,135.15,34.5,-26.4
,1.405,5.575,0.285,102.55,7.14,135.73,137.25,34.5,-25.8
17087.0,1.967,4.645,-0.821,109.34,16.8,107.87,140.4,35.1,-27.75
,2.139,4.537,-0.9,86.8,36.96,81.27,146.55,35.25,-26.55
,2.187,4.274,-0.852,55.72,50.19,65.66,143.7,34.8,-25.8
,2.527,3.206,-1.508,39.13,53.76,50.96,146.85,36.0,-26.1
17166.0,2.824,2.766,-1.706,16.66,71.05,31.99,146.85,36.3,-26.25
,2.706,2.429,-1.244,-14.28,87.99,18.27,148.35,36.0,-26.25
,2.852,2.06,-1.017,-35.0,89.95,6.58,147.75,35.7,-27.6
,2.955,2.931,1.084,-53.69,102.2,-14.14,148.8,36.9,-29.25
17244.0,2.446,5.832,4.006,-83.79,112.21,-26.6,149.1,37.8,-32.55
,2.036,6.396,3.793,-94.64,102.69,-10.85,150.75,37.65,-33.9
,2.326,5.915,3.975,-126.49,94.36,16.03,150.15,36.9,-38.1
,3.262,5.315,6.238,-170.94,96.39,30.38,154.2,37.95,-40.8
17322.0,4.609,5.518,9.588,-192.22,99.33,23.94,153.9,40.2,-47.85
,4.669,6.616,11.072,-173.67,86.66,3.29,157.8,39.15,-54.75
,4.853,7.408,12.228,-136.36,78.12,-20.37,161.1,40.95,-61.2
,4.889,8.808,14.13,-86.03,71.54,-46.2,165.75,43.65,-64.95
17401.0,4.458,10.806,14.96,-25.55,54.88,-67.69,168.45,45.15,-69.45
,3.216,11.957,13.953,8.05,17.5,-55.79,170.4,46.05,-71.7
,2.575,11.29,12.481,19.67,-21.7,-21.14,171.6,47.1,-70.95
,3.051,8.095,9.383,43.47,-48.79,-0.35,171.3,47.7,-72.0
17480.0,2.606,7.227,8.021,69.02,-47.11,-8.12,169.8,46.35,-69.15
,2.357,7.519,8.794,91.21,-34.65,-18.76,166.65,44.85,-69.9
,2.142,7.425,8.112,111.79,-37.66,-21.07,163.5,43.8,-64.8
,2.23,6.951,7.085,115.78,-42.77,-23.1,162.6,42.9,-61.5
17558.0,2.264,6.645,6.502,109.69,-46.62,-25.62,158.85,43.2,-59.1
,2.221,6.301,5.654,105.28,-52.64,-30.17,156.3,39.45,-52.95
,2.146,5.832,4.379,111.23,-53.55,-39.83,153.6,40.95,-50.4
,1.967,6.267,4.444,119.84,-42.63,-53.13,150.9,40.2,-45.15
17636.0,1.833,6.054,3.833,131.46,-39.34,-62.93,147.6,37.5,-40.8
,1.773,5.839,3.183,133.49,-39.76,-70.84,148.35,38.4,-34.95
,1.33,5.659,2.173,128.1,-47.18,-79.03,145.8,35.85,-32.4
,0.986,5.492,0.682,118.51,-53.9,-83.16,142.95,37.05,-27.15
17715.0,0.711,5.698,-0.103,96.74,-44.94,-88.83,140.1,36.3,-23.4
,0.17,6.226,-0.38,66.15,-35.07,-91.56,138.45,35.85,-18.45
,-0.29,6.7,-1.007,33.67,-33.53,-88.83,136.35,34.95,-15.9
,-0.577,7.404,-1.318,-9.66,-39.9,-82.67,132.45,32.85,-10.2
17793.0,-1.005,8.413,-0.292,-46.13,-50.68,-77.56,130.5,31.8,-8.85
,-1.792,10.718,1.244,-61.04,-48.86,-84.21,127.65,31.35,-6.75
,-3.017,14.03,3.027,-44.31,-36.68,-93.38,127.2,28.8,-5.1
,-5.15,17.449,2.158,-7.56,-38.01,-89.46,122.25,28.95,-3.15
17871.0,-6.949,19.215,-0.333,26.88,-45.01,-56.49,120.6,26.55,-0.45
,-7.586,19.375,-2.623,40.04,-19.25,7.28,116.4,25.35,2.1
,-5.841,15.279,-2.19,27.93,-15.19,92.75,117.75,25.95,3.3
,-4.001,12.111,-1.675,8.54,5.95,136.78,117.9,25.8,1.05
17949.0,-2.749,9.77,-1.218,-7.07,17.5,149.24,121.5,29.4,-1.8
,-1.673,7.93,-0.9,-27.58,31.08,148.54,126.9,30.9,-3.3
,-1.113,7.389,-0.034,-53.9,42.21,143.15,128.7,31.35,-8.7
,-0.78,7.081,0.462,-68.32,36.47,144.2,134.25,34.2,-13.5
18028.0,-0.048,6.061,0.646,-75.95,40.18,142.73,136.95,35.55,-18.15
,0.988,5.279,1.881,-94.71,54.39,134.47,140.25,35.7,-21.9
,1.74,4.503,2.548,-119.7,59.22,126.21,142.65,35.7,-26.1
,2.345,3.551,2.73,-140.0,59.64,118.16,146.1,37.2,-31.65
18107.0,2.883,2.51,2.496,-154.21,67.06,100.73,148.05,38.55,-37.5
,3.305,2.091,2.915,-173.11,72.03,79.66,150.9,37.5,-43.2
,3.147,2.764,4.75,-211.26,72.17,63.21,151.8,38.25,-48.6
,2.757,3.625,7.676,-244.09,74.55,56.14,154.8,38.85,-56.85
18185.0,4.156,4.379,12.747,-204.68,94.22,42.91,158.25,37.8,-64.2
,5.676,4.623,16.214,-99.12,90.93,13.79,162.45,41.55,-72.15
,6.312,4.915,15.963,-24.22,57.96,-13.3,163.95,40.05,-75.75
,5.808,5.824,13.508,9.59,21.63,-29.47,166.65,42.3,-78.6
18263.0,4.606,7.507,12.17,16.24,0.07,-41.3,167.25,42.9,-80.4
,3.486,7.483,10.864,27.86,-25.2,-35.91,165.15,42.9,-81.15
,3.029,6.899,10.799,54.95,-30.03,-26.11,166.95,42.6,-80.4
,3.565,5.791,12.436,115.78,-22.75,-33.25,164.25,41.1,-78.0
18342.0,3.197,5.221,10.385,165.2,-33.46,-47.53,161.1,41.85,-76.35
,2.649,4.664,7.796,186.9,-48.16,-63.35,159.6,40.05,-70.35
,1.989,4.542,6.267,185.71,-53.13,-73.57,157.35,37.5,-65.85
,1.866,4.41,5.709,190.05,-48.93,-84.63,153.15,39.3,-57.6
18420.0,1.687,4.353,4.721,196.98,-51.52,-92.89,150.3,39.45,-48.45
,1.34,4.231,3.458,187.81,-58.8,-99.75,145.35,37.8,-41.7
,0.852,4.511,2.556,168.63,-64.26,-107.59,143.4,36.75,-38.25
,0.56,5.001,1.56,148.4,-70.07,-114.38,141.0,34.8,-28.5
18498.0,-0.084,6.061,1.445,123.06,-77.77,-120.89,137.4,35.4,-22.8
,-0.905,7.076,0.668,92.68,-90.09,-120.75,136.5,34.05,-17.55
,-1.584,7.83,-0.979,72.24,-98.56,-116.48,132.0,32.55,-11.55
,-2.249,9.091,-2.19,72.66,-94.01,-115.22,126.9,30.9,-5.85
18576.0,-3.795,11.338,-3.4,54.95,-91.0,-121.73,123.3,30.15,-0.3
,-5.719,14.788,-2.211,20.93,-83.37,-110.53,121.2,27.3,3.9
,-7.94,17.107,-2.211,10.57,-86.03,-70.77,114.3,26.1,8.7
,-8.366,17.353,-4.073,18.76,-72.38,-16.66,113.4,24.0,10.8
18655.0,-8.449,18.138,-4.798,6.51,-16.31,29.54,111.0,23.25,11.7
,-7.459,16.279,-2.886,-47.46,-5.39,108.01,111.6,22.35,11.1
,-5.922,12.845,-2.871,-79.73,-11.69,175.28,113.1,24.0,8.25
,-3.752,9.206,-1.96,-89.88,1.54,213.01,116.4,26.4,4.05
18734.0,-1.768,6.76,-0.857,-91.28,33.88,209.09,121.35,29.1,-3.15
,-0.553,5.899,0.586,-102.69,66.29,186.97,126.9,32.1,-10.65
,0.27,4.982,1.003,-109.76,71.33,169.47,131.7,33.15,-14.85
,0.933,4.499,1.029,-115.71,74.62,151.62,136.65,34.65,-20.25
18812.0,1.218,4.171,1.989,-128.66,78.33,135.66,139.65,37.35,-25.5
,1.716,3.853,2.675,-139.37,75.95,124.11,143.1,36.6,-31.95
,1.977,3.348,3.051,-153.3,74.55,115.08,144.15,36.0,-39.75
,2.668,2.539,4.267,-165.27,84.35,105.14,148.95,36.3,-45.0
18891.0,3.752,1.632,5.925,-156.1,93.24,90.44,151.05,35.55,-51.75
,4.386,1.756,7.961,-151.9,95.41,67.34,154.65,36.3,-58.95
,4.104,2.046,9.974,-167.23,85.4,48.37,155.55,38.25,-63.45
,5.702,2.386,14.989,-127.68,93.73,24.92,159.3,37.95,-70.05
18969.0,7.04,2.735,17.344,-35.7,74.27,-12.95,162.15,37.65,-75.6
,6.214,4.221,14.685,24.29,30.59,-48.16,163.8,39.9,-81.75
,4.968,6.119,12.426,53.62,5.6,-75.46,167.25,39.9,-83.7
,3.295,7.358,9.854,80.43,-10.43,-84.7,166.95,39.6,-83.4
19047.0,2.163,7.863,7.942,88.69,-23.24,-79.1,166.8,41.55,-82.35
,1.228,8.016,6.394,81.76,-28.63,-70.14,162.75,40.5,-78.0
,0.586,8.035,5.214,73.36,-28.63,-59.78,159.0,38.55,-74.25
,0.069,8.026,4.228,62.44,-26.6,-49.98,155.85,40.05,-68.7
19125.0,-0.404,8.239,3.788,40.25,-21.0,-38.71,155.25,36.9,-64.95
,-0.574,8.289,3.927,14.28,-18.83,-22.68,153.9,35.55,-60.6
,-0.132,7.605,4.393,-6.79,-18.62,-5.74,152.55,34.8,-59.4
,0.943,6.669,5.669,-1.96,-5.81,-3.22,151.8,36.3,-58.2
19204.0,1.211,6.851,6.121,11.62,6.72,-13.23,151.65,35.4,-57.9
,0.802,7.882,6.03,14.49,8.68,-20.3,151.35,36.9,-57.0
,0.761,8.428,5.973,2.94,2.1,-15.33,150.3,34.05,-56.55
,1.096,8.081,5.901,-11.34,-6.16,-6.3,150.6,34.2,-56.4
19282.0,1.486,7.653,6.269,-15.33,-8.47,-3.08,150.6,35.1,-57.15
,1.713,7.571,6.798,-5.74,-5.25,-5.6,148.95,35.1,-58.5
,1.788,7.612,7.133,7.14,-8.54,-5.88,151.5,33.75,-57.75
,2.01,7.349,6.93,20.23,-7.0,-6.51,148.8,35.4,-57.3
19361.0,2.106,7.073,6.98,26.25,-10.43,-5.18,149.1,33.9,-55.65
,2.364,6.624,7.042,14.14,-41.09,4.48,148.05,34.65,-55.5
,2.893,5.693,6.427,28.63,-54.74,5.67,149.4,34.65,-55.05
,2.266,6.284,7.073,32.48,-74.9,-5.04,147.9,33.6,-52.5
19439.0,1.278,7.468,7.176,33.74,-107.17,-8.82,147.6,30.9,-50.85
,1.149,7.65,5.999,42.98,-109.41,-11.27,145.65,31.95,-47.85
,1.945,7.124,4.903,42.49,-88.34,-13.93,145.35,32.1,-45.75
,2.02,7.315,4.59,30.38,-64.19,-22.26,143.55,30.9,-41.1
19518.0,1.634,8.09,5.205,15.54,-58.59,-27.72,142.65,29.25,-39.6
,0.371,9.328,5.348,12.39,-78.33,12.53,140.1,29.7,-38.1
,2.304,8.409,2.95,63.56,-78.61,-73.71,138.9,27.9,-34.35
,0.849,9.445,4.073,54.25,-46.9,-59.22,139.65,27.9,-34.8
19596.0,1.385,8.863,3.36,29.82,-41.09,-51.59,136.95,29.85,-30.6
,2.29,8.124,4.578,-8.12,-0.35,-56.77,136.8,28.35,-27.75
,1.744,8.196,4.673,33.04,13.44,-56.56,132.15,29.85,-26.1
,1.106,8.906,3.62,68.25,8.54,-55.02,132.0,27.3,-26.1
19674.0,2.895,9.497,3.984,8.89,-94.22,-0.42,130.2,28.8,-24.15
,1.244,9.024,3.695,13.23,-67.2,-0.07,128.7,27.0,-21.0
,0.881,9.926,3.862,-2.87,-60.27,7.91,128.7,27.0,-19.05
,0.613,10.297,3.431,59.57,-52.99,93.31,129.3,24.6,-20.1
19752.0,1.752,8.746,3.096,66.43,-86.24,116.62,127.05,27.9,-19.35
,2.448,9.141,3.163,20.02,-116.62,118.37,129.6,28.05,-19.8
,2.321,9.567,2.627,-66.36,-141.05,140.84,129.45,26.85,-22.05
,5.262,7.301,3.604,-120.47,-72.24,121.38,132.45,26.7,-23.85
19831.0,3.74,8.222,4.405,-74.97,-43.26,90.93,133.8,27.75,-26.7
,4.044,9.354,3.783,-11.97,-31.99,97.51,135.0,28.8,-29.85
,4.326,7.949,3.111,-10.78,-12.11,92.75,136.65,29.25,-31.05
,4.822,6.698,3.19,-26.81,-18.83,92.33,138.15,28.5,-31.5
19909.0,4.874,7.143,2.833,-39.83,-22.19,103.04,139.35,28.65,-33.3
,6.427,7.023,4.731,-58.73,-43.82,93.17,140.25,27.75,-35.4
,5.899,7.521,4.779,-44.87,-74.97,74.41,142.05,28.5,-36.9
,6.341,6.916,4.417,-26.18,-57.12,85.61,143.4,28.95,-37.5
19987.0,6.703,6.616,4.556,-36.47,-28.42,91.77,145.95,27.0,-39.9
,6.322,5.482,4.058,-39.83,-31.36,101.99,145.05,26.4,-41.85
,7.117,5.674,3.927,-19.11,-26.39,94.99,148.2,27.15,-43.8
,7.526,5.781,3.75,8.96,-12.18,75.6,148.65,26.55,-44.1
20066.0,7.54,5.348,4.216,20.16,10.78,61.67,149.55,26.55,-46.35
,7.377,5.293,3.865,3.22,29.4,41.58,149.85,25.35,-45.45
,6.478,4.989,4.018,-22.82,47.6,19.53,150.15,24.75,-45.15
,7.1,5.401,4.685,-38.57,48.79,8.54,150.15,26.85,-45.9
20145.0,7.203,4.774,5.214,-39.41,8.47,-9.45,150.75,25.95,-46.35
,6.444,5.422,3.946,-44.8,-38.22,-9.45,151.5,27.45,-47.7
,7.145,5.171,4.764,-43.54,-61.39,17.78,151.05,27.0,-46.95
,7.387,4.855,4.702,-24.36,-73.71,31.22,149.55,25.95,-47.7
20223.0,7.842,4.355,4.91,-16.38,-73.15,14.77,150.45,26.55,-48.9
,7.243,4.386,4.164,-6.65,-81.97,-10.57,152.25,27.0,-49.5
,7.779,4.855,4.625,-10.64,-122.85,-31.29,152.25,26.25,-47.55
,7.904,4.733,4.202,6.09,-145.18,-54.67,152.1,26.55,-46.95
20301.0,7.83,5.391,3.092,16.8,-143.57,-66.15,153.75,26.85,-46.65
,7.739,5.717,1.953,5.53,-119.63,-66.57,153.6,26.25,-43.95
,7.952,5.82,1.9,9.31,-105.28,-63.21,151.8,26.55,-43.35
,7.246,5.104,4.537,65.1,-180.18,-84.91,153.3,26.4,-43.5
20380.0,7.294,5.276,1.529,40.46,-240.66,-105.0,152.1,28.95,-42.15
,7.502,6.77,1.285,-51.52,-266.07,-90.72,150.15,27.0,-39.0
,4.838,7.495,-1.855,-84.35,-263.41,-23.73,149.85,28.2,-38.1
,10.457,6.714,-0.933,-50.33,-255.08,57.61,149.55,25.95,-35.25
20458.0,5.994,7.576,1.96,12.11,-368.69,135.8,149.85,26.7,-34.5
,7.461,3.391,-3.458,209.37,-515.41,160.16,151.8,27.15,-33.45
,12.237,6.927,1.225,-15.12,-9.1,10.5,153.9,24.9,-28.95
,8.184,2.108,2.84,111.16,651.21,-159.53,153.45,25.5,-22.95
20536.0,1.017,5.513,-17.585,-145.32,387.24,-170.66,153.0,25.05,-26.7
,1.941,7.093,1.335,-308.84,129.29,-158.48,153.45,25.5,-32.55
,6.078,8.528,1.062,-285.25,69.79,-48.65,150.0,25.65,-34.65
,6.212,5.889,0.053,-286.65,96.39,28.84,148.5,26.55,-39.0
20614.0,4.039,7.844,1.376,-377.16,157.78,122.57,149.55,24.9,-41.25
,11.122,5.006,8.504,-409.71,226.1,296.38,148.8,22.8,-47.4
,3.405,6.281,9.038,-170.94,131.25,342.65,146.7,21.0,-50.85
,3.685,5.121,13.896,-325.22,-14.21,675.5,149.4,16.95,-54.45
20693.0,17.818,2.486,8.332,-668.29,-355.18,798.98,151.5,15.45,-58.2
,9.179,10.924,0.84,-21.0,260.33,365.26,154.95,7.2,-57.6
,3.204,-8.253,4.798,-410.69,172.48,86.73,154.65,2.7,-57.9
,9.036,-8.497,7.717,-172.48,-176.82,7.07,153.6,0.45,-60.0
20772.0,7.356,-8.93,5.709,-43.33,-118.16,-18.27,156.45,-2.4,-61.95
,6.497,-7.253,4.623,-90.09,-126.98,9.87,161.4,-3.45,-65.1
,7.117,-5.741,5.255,-122.57,-182.21,28.84,165.9,-0.6,-67.35
,4.678,-6.547,7.664,-122.43,-154.84,54.6,166.05,-2.4,-67.05
20850.0,1.924,-7.406,4.834,-193.2,-263.97,13.16,167.4,-4.35,-66.0
,14.939,-17.964,1.333,-271.18,-310.17,-110.32,169.5,-6.3,-62.4
,15.111,-23.525,-4.53,-217.56,-170.59,-176.05,170.4,-5.7,-60.3
,10.546,-11.864,-2.154,-122.36,-108.15,-270.27,173.25,-3.6,-54.0
20928.0,9.069,-9.921,-2.18,-88.9,-53.06,-366.66,173.55,-3.9,-54.45
,9.466,-4.748,-1.642,-119.21,-49.35,-428.96,171.75,1.2,-55.5
,6.614,-1.192,-3.087,-86.38,9.52,-376.39,173.4,5.7,-57.9
,6.87,-2.206,-2.431,31.71,135.8,-376.46,173.25,9.6,-57.9
21007.0,2.414,-1.893,-3.534,125.51,175.98,-381.36,171.45,13.2,-61.5
,-1.426,0.718,-4.815,183.89,172.34,-413.21,170.25,16.95,-64.5
,-3.082,4.259,-6.016,162.47,246.4,-459.83,166.65,19.95,-63.45
,-4.786,7.205,-5.382,112.0,307.93,-426.86,162.3,24.75,-62.25
21085.0,-5.657,8.519,-5.24,75.81,279.44,-311.29,156.9,27.9,-60.45
,-5.93,9.909,-5.26,77.35,259.7,-207.34,151.2,27.45,-57.6
,-7.679,10.342,-4.865,51.1,205.8,-124.6,147.15,30.6,-56.85
,-8.722,10.187,-5.257,-34.44,133.63,-10.43,144.75,29.55,-52.8
21163.0,-7.901,10.22,-4.154,-150.85,37.94,115.85,142.65,30.0,-54.0
,-8.064,8.272,-1.531,-237.44,-45.85,249.69,142.65,29.7,-54.75
,-6.966,5.085,-0.995,-303.17,-132.3,383.67,146.25,27.3,-61.35
,-4.776,-1.263,-1.742,-356.72,-240.87,513.03,150.15,25.2,-67.95
21241.0,3.013,-14.104,-0.041,-376.81,-368.34,569.66,157.2,23.4,-74.85
,15.272,-21.211,1.23,-441.14,-563.99,577.85,165.75,14.7,-79.05
,23.666,-21.931,-1.149,-468.37,-741.23,514.5,176.25,9.3,-76.2
,26.65,-22.883,-11.151,-213.43,-585.97,303.45,185.55,3.15,-50.85
21320.0,27.461,-18.648,-20.818,63.98,-118.72,92.89,186.3,-2.7,-7.35
,29.67,-15.58,-15.566,22.33,119.56,-41.37,184.5,-2.85,28.5
,23.644,-13.948,-5.901,-100.87,84.28,-111.3,182.1,-2.1,30.9
,23.436,-12.326,-0.945,-126.63,89.88,-205.38,176.55,-2.25,8.4
21399.0,20.567,-11.831,2.563,-34.44,162.19,-333.48,174.15,-0.15,-13.35
,13.022,-9.007,0.237,87.01,258.37,-443.66,174.9,2.85,-32.55
,8.832,-7.471,-0.921,162.4,356.93,-479.64,175.05,6.0,-49.65
,7.205,-6.961,-0.747,205.66,398.58,-492.8,175.95,12.3,-61.65
21477.0,4.171,-6.042,-1.598,233.17,386.61,-516.74,171.3,18.3,-69.3
,-0.122,-3.35,-3.209,232.19,343.84,-523.18,165.75,22.95,-70.8
,-4.523,-0.11,-4.125,202.02,283.01,-481.32,157.2,25.5,-69.0
,-6.647,2.369,-4.439,160.86,199.5,-404.32,150.0,28.35,-61.2
21556.0,-8.342,3.374,-4.795,107.73,99.19,-322.0,142.5,30.15,-54.75
,-10.057,4.07,-5.042,48.86,17.5,-244.58,137.85,30.15,-48.6
,-12.273,4.066,-4.8,-4.2,-28.91,-179.13,134.1,30.6,-43.5
,-14.836,5.348,-5.188,-41.23,-34.02,-105.84,131.1,30.45,-40.35
21634.0,-16.277,6.676,-5.494,-74.9,19.46,12.04,132.15,30.15,-41.25
,-15.394,6.32,-4.03,-118.51,77.21,162.96,129.3,27.75,-41.1
,-13.685,4.336,-1.809,-183.26,60.97,309.89,132.0,29.4,-43.95
,-13.039,2.668,1.421,-263.76,-61.81,496.51,134.7,29.25,-49.5
21712.0,-9.971,-0.859,5.09,-318.08,-272.51,735.56,138.45,26.7,-59.55
,-0.452,-15.453,4.166,-300.16,-537.04,900.06,148.8,26.55,-71.25
,13.802,-27.789,-0.294,-265.72,-860.72,917.98,162.75,20.25,-76.2
,38.081,-38.578,-6.724,-66.57,-999.6,731.71,178.95,13.35,-71.4
21790.0,37.38,-28.885,-33.044,194.53,-436.73,164.78,193.8,6.0,-28.35
,30.66,-18.557,-31.311,114.94,67.69,-137.27,210.15,3.15,38.1
,24.795,-9.823,-14.278,-80.64,179.69,-150.29,227.7,2.7,42.6
,20.203,-9.115,-4.424,-124.53,171.36,-197.19,217.65,3.3,1.35
21869.0,17.538,-8.909,-0.658,-83.51,158.34,-277.34,197.4,5.55,-27.15
,13.376,-7.83,0.213,-32.69,151.34,-334.18,187.05,7.8,-46.8
,10.127,-6.056,0.184,4.06,170.59,-382.34,179.85,9.6,-53.4
,5.858,-4.867,-0.361,39.13,220.29,-434.35,175.65,13.5,-60.9
21947.0,1.366,-3.86,-1.28,66.01,277.06,-469.91,171.0,19.2,-64.65
,-3.106,-2.481,-2.024,77.7,313.81,-477.68,167.4,21.45,-66.15
,-6.085,-0.555,-2.69,80.36,319.2,-448.21,161.55,27.3,-66.3
,-7.495,1.141,-2.905,78.47,287.28,-386.82,154.35,28.35,-64.05
22026.0,-8.562,2.647,-3.137,63.7,225.12,-328.44,147.15,30.0,-59.25
,-10.206,3.888,-3.47,22.75,153.86,-272.72,141.9,31.35,-54.75
,-12.962,4.913,-2.852,-30.66,84.14,-202.16,136.8,28.65,-50.4
,-15.781,6.896,-2.785,-70.77,33.11,-95.83,134.25,29.1,-47.7
22104.0,-16.332,9.0,-3.154,-92.33,65.1,70.84,132.15,28.8,-47.25
,-15.24,7.155,-3.321,-124.46,72.03,222.74,130.65,28.65,-47.4
,-13.446,3.707,-1.443,-183.68,49.7,368.55,133.5,27.15,-51.0
,-10.684,-1.383,2.146,-288.33,-75.11,529.83,137.4,26.7,-57.6
22183.0,-2.845,-9.5,9.844,-334.18,-288.96,662.34,143.1,26.85,-65.7
,7.818,-15.102,12.666,-247.17,-526.61,725.27,155.4,22.95,-78.15
,26.023,-21.622,10.299,50.89,-667.87,603.54,171.0,19.65,-85.05
,41.44,-21.991,-4.314,312.97,-276.22,339.5,207.75,19.8,-87.45
22261.0,52.019,-17.708,-12.331,294.35,3.29,-22.26,311.85,32.7,-127.35
,22.893,-6.906,-8.459,7.35,-73.99,-121.52,447.0,65.1,-325.35
,12.46,-1.297,-3.458,-80.5,43.47,-128.38,394.5,66.3,-309.9
,7.729,-0.313,-0.294,-61.88,133.07,-179.13,309.3,44.1,-225.15
22339.0,3.685,0.62,1.503,-46.62,112.07,-189.21,256.8,34.5,-174.45
,1.548,2.094,2.467,-47.11,78.89,-139.58,229.2,29.7,-148.95
,2.146,3.027,3.262,-25.2,80.64,-82.32,210.0,29.1,-132.75
,2.144,3.321,3.106,-5.67,58.94,-45.99,201.0,27.3,-123.9
22417.0,3.017,2.453,3.228,-7.35,18.62,-3.64,197.85,25.95,-119.1
,5.305,2.201,4.082,-14.84,-18.13,38.5,195.15,25.5,-117.3
,7.392,2.347,4.362,-11.9,-41.16,52.99,195.75,27.45,-117.15
,8.6,2.257,4.049,-1.96,-43.61,42.07,196.05,25.2,-116.55
22496.0,9.301,2.242,3.142,5.04,-20.51,29.05,201.75,25.35,-116.55
,9.615,2.642,3.276,5.88,17.01,33.74,204.6,25.35,-119.4
,10.223,3.18,2.946,12.81,73.71,43.33,211.8,25.95,-121.05
,11.326,0.806,2.915,8.54,168.35,76.02,217.8,28.2,-126.6
22574.0,14.154,-1.9,10.811,3.15,146.23,80.57,222.0,27.15,-137.1
,10.144,-0.206,8.658,53.62,90.79,59.01,226.8,25.5,-144.75
,9.012,0.761,8.066,176.4,101.78,22.96,225.75,28.05,-149.1
,9.028,0.074,1.551,124.6,161.63,-23.31,223.2,28.35,-154.5
22653.0,7.358,1.943,5.709,78.54,150.78,-30.66,219.9,28.8,-160.65
,6.679,2.656,4.48,58.45,109.27,-17.29,214.35,30.0,-165.0
,5.659,1.831,4.762,37.24,79.45,13.23,214.2,31.35,-165.75
,6.662,1.835,7.078,32.48,109.34,35.14,212.55,31.8,-170.1
22732.0,6.504,2.022,8.069,16.66,45.78,47.53,212.4,33.6,-172.05
,8.6,-1.173,4.714,12.53,-29.19,38.01,211.2,33.75,-175.35
,7.035,1.866,5.336,28.49,40.18,-5.39,213.9,33.3,-176.25
,6.423,1.603,6.408,28.35,94.22,5.25,215.25,36.6,-177.6
22810.0,6.93,2.668,6.485,48.93,133.21,-3.71,216.45,36.15,-182.25
,6.238,1.933,8.392,74.06,137.34,-18.48,218.7,38.4,-187.35
,5.808,1.594,8.835,59.5,126.84,-9.1,216.9,39.0,-193.95
,6.341,1.709,9.146,55.65,78.61,-10.5,216.45,43.35,-196.35
22888.0,5.712,2.62,7.954,66.29,57.89,-27.09,216.75,41.85,-197.55
,5.748,4.594,7.77,79.66,58.73,-21.07,215.7,43.2,-197.25
,5.506,2.721,8.349,86.31,32.55,31.36,215.25,45.6,-196.05
,4.168,1.926,6.691,85.26,10.29,14.42,215.1,43.65,-194.7
22966.0,4.281,2.946,7.083,46.76,20.72,-27.44,211.95,45.45,-188.7
,4.247,3.326,7.583,-14.91,30.8,-10.71,211.5,44.25,-187.2
,4.597,3.017,8.217,-22.33,-11.76,3.64,211.35,48.15,-188.4
,4.733,3.111,9.093,-18.48,-45.01,-0.98,211.8,46.65,-189.3
23045.0,5.315,3.362,5.934,-15.96,-13.37,0.07,212.7,46.5,-189.9
,4.941,3.197,7.82,-13.23,45.71,-10.36,215.85,47.1,-190.5
,4.791,3.477,9.308,-5.67,58.24,-19.25,216.45,48.3,-190.8
,4.547,3.429,9.016,8.68,21.49,-17.92,216.9,46.65,-195.45
23123.0,4.551,3.673,8.256,3.08,21.63,-7.14,217.05,46.5,-195.0
,4.259,3.597,8.605,-0.49,28.35,-1.89,216.3,47.4,-194.4
,4.154,3.501,8.406,2.03,17.08,-2.03,216.45,46.35,-193.05
,3.999,3.34,8.528,4.41,-0.49,-3.08,215.7,45.6,-194.4
23201.0,4.109,3.233,7.968,5.88,-23.45,-3.5,213.15,48.15,-190.65
,4.305,3.235,7.653,0.35,-12.88,-4.13,214.8,47.4,-189.6
,4.281,3.34,8.229,3.92,1.89,-8.82,214.35,47.7,-189.3
,4.207,3.539,8.16,8.61,2.94,-11.06,214.05,46.2,-190.35
23279.0,4.214,3.606,8.519,10.78,-12.81,-11.48,215.25,43.95,-189.75
,4.243,3.697,8.203,11.76,-33.74,-10.29,213.45,47.1,-189.0
,4.054,3.671,7.093,1.82,-21.21,-17.57,215.55,44.55,-188.25
,4.413,3.419,8.062,-2.73,-1.68,-17.99,213.45,47.25,-187.35
23358.0,4.276,3.412,7.789,-2.52,7.56,-12.39,213.15,46.65,-185.7
,3.965,3.743,8.5,-7.56,15.68,-1.47,213.45,47.1,-186.9
,4.149,3.726,7.971,-11.41,13.79,7.77,213.75,47.85,-185.1
,4.185,3.64,8.107,-8.75,20.72,5.81,212.7,46.05,-185.4
23437.0,4.001,3.429,8.868,2.38,14.7,-1.47,213.0,46.2,-184.35
,4.085,3.63,8.019,12.67,6.44,-10.43,213.15,46.95,-185.55
,3.75,3.826,8.22,16.73,5.95,-16.52,213.15,48.0,-185.85
,3.838,3.848,8.421,24.01,-0.56,-19.95,212.1,46.95,-183.75
23515.0,4.25,3.451,8.454,23.87,-24.36,-21.07,210.9,47.4,-183.6
,4.276,3.723,7.021,9.8,-18.83,-32.76,211.65,47.1,-183.45
,3.484,4.154,7.43,7.35,1.96,-37.52,211.8,48.0,-182.1
,3.769,4.025,7.868,8.12,17.5,-32.69,209.25,48.9,-180.0
23593.0,3.247,3.924,9.062,5.11,6.02,-32.27,209.4,48.9,-179.25
,3.853,4.125,9.208,4.62,-44.45,-38.15,210.15,50.1,-179.4
,4.073,4.405,7.921,8.26,-64.54,-48.51,208.35,50.25,-179.25
,3.709,4.692,7.117,6.51,-33.95,-51.17,211.2,50.1,-179.25
23672.0,3.788,4.733,7.554,-3.08,8.75,-28.07,209.55,52.35,-174.9
,3.36,4.41,8.275,-9.87,20.65,-26.88,208.65,52.8,-172.8
,3.108,4.245,8.39,-10.99,7.91,-28.49,207.45,52.5,-174.6
,3.427,4.642,8.267,-2.8,-10.92,-21.56,208.8,52.8,-174.45
23750.0,3.671,4.496,7.839,-2.94,-24.92,-17.43,210.15,53.1,-175.2
,3.57,4.618,7.27,-18.27,-26.53,-15.82,210.15,54.6,-175.65
,3.008,4.731,6.482,-51.73,-22.96,-11.41,208.95,54.75,-175.5
,3.721,4.178,8.016,-81.69,2.03,-10.64,209.7,54.75,-177.0
23828.0,3.759,3.618,8.82,-67.41,24.08,-8.4,209.85,54.9,-177.9
,3.02,3.702,9.686,-23.73,10.71,-3.08,209.4,55.05,-179.7
,3.783,3.747,8.076,1.12,-13.02,-1.96,210.3,55.05,-180.9
,3.814,3.599,8.514,0.7,-15.47,-2.8,211.2,56.1,-181.95
23907.0,4.087,3.738,8.734,1.68,-21.35,-4.2,209.25,55.65,-182.1
,4.106,3.817,7.94,4.13,-29.26,-9.66,209.85,54.0,-179.25
,3.726,3.79,7.815,-2.03,-23.8,-6.51,209.4,54.75,-180.3
,2.864,3.659,9.304,-19.18,-17.01,-14.35,210.6,53.55,-177.75
23986.0,3.845,3.965,9.624,-4.76,-74.83,-13.93,208.5,53.55,-176.55
,4.173,3.97,9.124,12.81,-157.08,-20.23,208.8,53.25,-175.65
,4.896,4.044,10.22,44.52,-250.18,-27.79,208.2,52.2,-170.4
,4.846,3.793,9.308,117.46,-490.14,-42.98,209.25,53.7,-164.4
24064.0,6.82,4.245,1.788,44.59,-316.54,-37.03,210.15,52.95,-157.5
,6.059,4.41,5.504,30.59,-122.5,-32.13,210.75,54.45,-143.4
,6.647,4.755,5.676,49.14,-57.19,-18.62,210.45,52.65,-135.0
,7.002,5.224,5.753,59.71,-65.52,-16.8,208.35,52.35,-129.6
24142.0,6.317,5.75,5.638,58.59,-62.93,-22.54,207.15,52.35,-127.95
,6.765,5.609,5.575,56.98,-30.38,-27.02,204.6,51.75,-125.85
,6.08,6.116,4.398,58.8,21.42,-53.69,203.55,51.6,-124.8
,5.322,5.26,3.518,33.18,102.48,-62.23,202.05,50.7,-123.15
24221.0,5.671,5.25,3.455,24.71,208.81,-61.53,200.55,52.35,-125.1
,6.415,5.157,3.613,12.6,246.19,-66.71,196.2,52.95,-129.75
,7.176,5.59,4.848,-13.65,234.22,-95.97,194.4,53.25,-134.7
,5.365,5.829,5.973,-24.57,189.14,-125.09,192.15,54.6,-141.3
24299.0,4.57,6.485,5.997,-18.06,158.9,-129.5,186.0,54.3,-141.0
,2.558,6.825,5.619,-28.84,139.72,-113.54,183.15,55.95,-141.0
,1.151,7.026,5.808,-51.8,111.09,-81.27,177.75,54.75,-140.7
,0.524,6.588,5.205,-79.17,77.07,-42.49,174.9,55.35,-139.95
24377.0,-0.172,5.745,5.346,-96.25,50.12,-3.64,171.75,54.75,-136.2
,0.826,5.808,5.063,-99.12,-0.21,30.17,169.35,52.8,-139.65
,-0.715,4.372,5.915,-103.11,-56.7,66.64,172.5,52.05,-140.1
,-0.419,4.042,7.566,-107.94,-56.84,120.47,174.6,52.5,-145.5
24455.0,1.345,4.195,9.244,-126.42,-24.5,147.7,181.8,54.9,-152.25
,1.505,3.707,10.053,-136.92,-22.68,164.92,196.05,55.5,-161.4
,5.379,3.443,10.749,-118.23,-14.14,170.03,204.9,61.05,-179.85
,7.088,2.331,11.854,-89.46,15.33,87.64,220.2,64.65,-202.5
24534.0,8.203,1.993,11.431,-44.87,35.42,-1.05,238.5,71.55,-230.4
,10.021,2.149,12.17,6.16,63.7,-71.82,249.15,78.0,-252.0
,9.373,2.108,14.135,52.43,85.12,-131.74,253.5,79.05,-258.9
,8.098,3.159,15.846,106.82,65.24,-168.63,244.35,75.9,-251.25
24612.0,5.133,3.963,13.759,184.38,17.64,-190.96,224.4,66.15,-220.35
,0.495,4.692,10.586,233.03,-2.8,-167.93,198.6,55.65,-182.4
,-0.313,5.348,10.299,233.38,21.07,-140.49,175.05,45.75,-143.85
,-0.034,5.535,9.21,260.26,9.87,-129.15,160.2,38.7,-115.35
24691.0,-2.295,5.073,4.731,276.71,-15.75,-115.92,146.4,35.55,-97.8
,-3.25,5.671,0.945,241.71,-22.05,-98.56,139.95,32.7,-81.75
,-4.951,5.855,-1.938,166.18,-6.72,-66.43,134.7,32.7,-70.95
,-6.726,6.324,-2.84,73.43,7.42,-18.83,130.35,32.85,-63.15
24769.0,-6.234,6.174,-2.106,-18.13,13.3,53.62,127.5,31.95,-58.05
,-6.138,4.815,-2.67,-97.65,12.04,124.18,128.25,32.7,-56.85
,-4.64,3.568,-2.553,-173.18,-6.93,173.04,128.7,32.55,-57.9
,-2.515,2.304,-0.952,-236.32,-10.5,191.73,130.05,31.95,-63.15
24848.0,-1.053,1.338,1.072,-293.44,13.58,198.24,134.4,33.9,-69.0
,3.36,-1.043,7.351,-371.77,29.19,185.71,139.35,34.5,-81.45
,6.994,-0.57,14.2,-371.91,19.04,162.12,143.85,33.45,-94.35
,7.14,1.421,17.674,-287.91,-60.48,114.66,155.7,35.85,-114.9
24926.0,7.664,1.713,15.485,-160.51,-211.96,146.3,168.15,39.75,-140.4
,8.155,2.474,12.28,-77.84,-202.58,165.27,188.1,46.35,-172.35
,8.966,1.685,8.217,-43.47,-38.78,140.49,213.0,53.7,-198.6
,7.827,1.697,9.371,-65.17,43.68,83.23,235.05,62.55,-224.7
25004.0,6.729,1.436,11.35,-80.92,23.59,27.51,250.8,68.7,-242.7
,6.92,1.397,12.163,-56.91,-30.59,-41.93,261.15,73.2,-255.0
,4.123,0.414,9.541,-29.82,-13.65,-33.11,260.85,75.0,-248.85
,4.099,0.739,7.87,-26.6,-28.84,-10.43,254.25,75.15,-231.75
25083.0,4.097,0.476,7.916,-43.05,-25.76,-4.69,241.5,72.15,-215.25
,4.025,0.201,8.241,-41.79,-2.87,-1.96,235.5,67.8,-198.3
,4.422,-0.536,8.04,-22.4,3.71,-4.55,226.8,65.4,-186.9
,4.089,-0.402,7.586,-21.14,3.92,-15.54,222.15,62.7,-175.35
25161.0,3.771,-0.479,7.552,-35.84,-3.71,-12.74,216.6,62.4,-165.3
,4.219,-0.371,8.095,-68.6,-38.99,-11.13,210.15,60.6,-155.7
,4.771,-0.577,8.916,-74.48,-73.36,-13.58,209.1,59.25,-145.8
,5.341,-0.699,9.036,-59.36,-81.83,-10.99,205.35,58.05,-136.5
25239.0,4.128,-0.44,8.442,-61.04,-54.46,-19.25,202.95,57.15,-126.9
,3.884,-0.646,8.33,-111.37,-35.14,24.99,199.2,54.3,-115.05
,4.984,-1.752,8.969,-98.0,-65.59,40.32,196.8,53.85,-108.6
,5.762,-2.67,10.495,-57.54,-35.28,21.91,194.7,52.65,-99.75
25318.0,5.755,-1.821,9.069,-6.58,148.54,20.86,193.2,50.7,-92.4
,4.063,-2.209,9.249,9.17,157.5,24.29,191.25,51.45,-92.55
,5.066,-1.094,8.019,40.32,64.54,25.9,192.15,51.0,-96.9
,4.661,-1.242,9.294,35.77,22.26,7.28,192.9,51.0,-102.75
25397.0,4.197,-1.395,9.993,46.69,7.35,-1.75,193.95,51.9,-104.25
,4.755,-1.027,10.122,64.05,-6.58,-10.92,193.35,52.95,-104.7
,4.188,-0.972,11.297,89.32,-17.01,-26.25,193.2,52.05,-104.7
,4.544,-0.491,11.175,119.91,-2.24,-39.55,193.2,54.15,-106.5
25475.0,4.642,-0.196,11.204,141.61,-25.69,-56.07,192.3,54.3,-109.35
,4.293,0.168,11.003,162.61,-30.52,-52.22,195.45,54.0,-114.0
,4.771,0.725,10.345,173.32,-25.9,-55.51,193.05,57.15,-118.2
,4.669,1.517,9.189,172.41,-10.71,-72.8,193.05,58.5,-124.8
25553.0,3.917,1.974,8.66,149.73,31.57,-91.28,190.8,58.5,-129.9
,3.711,2.273,8.6,142.24,21.84,-80.15,186.15,57.6,-133.95
,4.539,2.386,7.899,138.32,-10.78,-65.52,181.35,58.35,-134.85
,4.987,2.278,5.032,137.62,-44.03,-48.93,177.0,57.45,-132.9
25631.0,1.417,3.635,2.058,97.44,-60.41,8.47,174.9,54.9,-132.6
,6.494,3.379,1.476,-12.53,-111.65,56.77,170.25,53.1,-128.7
,4.386,1.603,4.133,-131.53,-290.99,9.24,171.0,51.9,-128.85
,5.566,0.861,8.217,-110.81,-257.46,33.88,173.4,51.15,-132.0
25710.0,6.384,3.264,1.139,7.84,276.57,194.6,181.65,51.15,-135.3
,5.099,2.182,1.441,-33.11,256.62,150.43,183.6,49.2,-142.35
,2.424,1.627,4.86,-90.93,152.53,103.18,184.65,46.35,-154.95
,2.048,2.802,5.848,-137.06,98.21,93.73,189.6,46.8,-165.0
25788.0,7.854,1.295,4.884,-114.73,101.01,88.69,197.1,44.1,-179.85
,8.275,1.922,3.656,-240.73,284.97,-59.99,212.55,42.75,-198.15
,-5.154,-4.547,25.346,-249.9,240.59,-85.4,226.35,40.95,-215.1
,2.711,2.326,14.259,-64.54,-16.66,-69.72,235.95,37.5,-227.4
25866.0,1.165,0.328,11.302,-73.78,-97.16,-41.09,242.85,34.8,-225.75
,1.376,0.543,11.34,-97.65,-132.09,-57.68,244.8,30.6,-209.25
,2.185,0.005,9.876,-108.85,-171.99,-81.69,244.65,28.05,-189.75
,1.438,-1.263,7.49,-142.1,-48.51,-33.53,241.5,24.3,-168.6
25944.0,1.22,-2.436,9.56,-96.39,98.28,19.18,240.75,24.15,-154.5
,2.089,-0.747,7.767,-50.47,96.67,15.26,237.3,21.75,-145.05
,1.725,-0.62,7.373,-130.69,48.79,-10.5,240.75,20.55,-146.85
,1.795,-0.433,5.954,-259.63,-49.35,-37.38,243.75,18.75,-143.85
26023.0,-1.663,-3.314,17.119,-574.14,-194.18,-66.71,245.85,19.8,-136.95
,2.781,-5.583,5.599,-455.28,-234.57,-39.55,250.2,25.35,-119.85
,5.238,-5.686,7.779,-266.0,-98.35,-56.35,256.05,35.7,-99.9
,3.821,-3.386,4.085,-71.05,4.76,-152.04,262.5,47.25,-98.25
26102.0,8.004,-7.191,4.623,-215.04,-43.12,-185.99,271.95,60.6,-105.15
,0.402,-1.338,-1.161,129.5,216.93,-137.41,273.9,78.45,-110.85
,2.316,-3.013,2.915,118.02,9.45,-281.4,259.8,92.4,-109.5
,3.888,1.601,-1.189,-11.9,-42.77,-137.62,253.8,97.5,-117.6
26180.0,6.47,-6.066,6.04,-7.28,13.79,-70.28,244.95,104.25,-95.7
,5.372,-4.202,5.791,8.96,13.79,-54.6,237.45,99.75,-88.35
,3.728,-3.515,6.03,4.2,13.37,-23.94,233.4,97.65,-85.35
,5.719,-4.068,6.664,50.26,53.76,26.6,228.15,96.15,-83.4
26258.0,4.635,-4.298,6.08,97.02,110.67,76.3,226.95,95.25,-81.15
,5.477,-4.503,6.509,115.5,79.45,53.69,224.55,93.3,-76.35
,5.779,-3.46,3.273,147.84,142.45,40.81,226.5,88.95,-71.25
,1.273,-4.893,12.924,131.46,314.65,15.33,224.85,84.15,-62.85
26337.0,2.443,-2.915,4.673,105.91,437.5,-27.93,219.75,78.75,-52.5
,0.299,-11.673,36.623,142.03,757.54,-23.31,216.45,71.85,-49.65
,-0.883,0.251,0.311,41.02,181.23,-109.34,216.15,66.3,-51.45
,-2.917,3.434,-2.57,54.74,-7.14,-71.19,222.15,61.8,-71.55
26415.0,-2.041,2.194,-1.591,-2.52,-17.64,-19.88,218.1,64.35,-63.45
,-0.007,0.091,6.767,-19.95,-25.62,-67.27,221.1,64.95,-65.55
,0.017,-0.988,7.937,4.97,2.66,-150.15,226.35,70.65,-68.4
,0.124,-4.427,-15.65,335.44,67.62,-110.6,228.0,78.3,-73.05
26493.0,0.517,-1.62,24.168,-1.75,64.12,-14.63,223.05,80.55,-59.7
,1.847,-4.082,13.778,-46.41,9.24,17.22,218.7,81.15,-42.15
,-0.05,-1.716,9.557,-2.52,-4.34,6.65,216.3,81.45,-42.15
,-0.093,-1.792,9.612,0.63,-3.5,1.82,219.3,81.45,-43.8
26572.0,-0.089,-1.831,9.536,0.77,-3.43,1.82,217.65,81.3,-42.9
,-0.067,-1.814,9.619,0.91,-3.29,2.03,217.5,82.95,-42.9
,-0.108,-1.802,9.643,0.63,-3.36,2.03,218.55,80.4,-42.75
,-0.096,-1.893,9.667,0.35,-3.57,2.03,216.75,81.75,-43.35
26651.0,-0.084,-1.886,9.619,0.35,-3.64,1.96,218.25,81.9,-40.8
,-0.105,-1.84,9.574,0.42,-3.57,1.96,216.9,82.65,-43.05
,-0.122,-1.816,9.56,0.56,-3.36,2.03,217.05,81.45,-43.2
,-0.101,-1.823,9.646,0.63,-3.5,1.96,216.3,81.6,-43.05
26729.0,-0.115,-1.84,9.605,0.63,-3.43,1.96,217.65,82.5,-43.35
,-0.105,-1.811,9.66,0.35,-3.64,1.89,216.3,82.2,-42.6
,-0.096,-1.857,9.646,0.07,-3.78,1.82,216.45,82.2,-42.0
,0.01,-1.967,9.677,0.98,-3.64,2.17,217.35,82.65,-43.5
26807.0,-0.096,-1.866,9.696,0.91,-3.92,2.1,216.15,83.1,-43.65
,-0.132,-1.85,9.521,0.49,-3.78,1.96,216.3,81.0,-41.7
,-0.074,-1.816,9.557,0.98,-3.78,2.03,217.2,80.85,-43.65
,0.182,-1.792,9.83,0.84,-3.99,1.89,216.45,81.75,-42.0
26886.0,-0.005,-1.843,9.61,0.77,-3.78,1.89,218.4,82.05,-42.3
,-0.132,-1.809,9.411,0.98,-3.85,1.96,217.65,81.75,-41.1
,-0.124,-1.799,9.596,1.89,-3.71,2.1,217.5,82.2,-42.3
,-0.05,-1.852,9.706,1.89,-3.64,1.89,216.9,79.95,-41.7
26964.0,0.144,-1.907,9.892,1.54,-3.43,1.89,217.8,81.75,-42.15
,0.012,-1.749,9.562,1.75,-3.5,2.03,217.95,82.65,-44.85
,-0.096,-1.905,9.777,1.4,-3.92,1.89,218.1,82.35,-42.0
,-0.069,-1.776,9.648,0.63,-3.78,1.96,217.05,81.9,-45.3
27042.0,-0.074,-1.826,9.61,0.28,-3.64,1.96,217.95,82.8,-41.7
,-0.072,-1.785,9.617,0.21,-3.57,1.89,216.75,81.9,-42.45
,-0.117,-1.807,9.574,0.35,-3.57,1.89,216.15,82.95,-42.75
,-0.05,-1.831,9.619,0.49,-3.43,2.03,217.95,83.4,-41.55
27120.0,-0.091,-1.819,9.636,0.49,-3.36,2.03,217.95,82.05,-43.5
,-0.053,-1.804,9.598,0.42,-3.43,2.03,216.15,83.1,-41.7
,-0.105,-1.804,9.598,0.42,-3.43,2.03,215.4,84.0,-44.25
,0.086,-1.539,9.505,1.05,-3.22,2.17,215.25,81.15,-43.95
27199.0,-0.079,-1.917,9.753,0.49,-3.71,1.89,218.25,82.8,-42.15
,-0.038,-1.826,9.629,0.14,-3.29,2.03,218.55,81.6,-42.9
,-0.062,-1.816,9.567,-0.35,-3.36,1.96,217.95,81.6,-45.3
,-0.081,-1.847,9.641,-0.07,-3.22,1.96,217.65,82.65,-41.25
27278.0,-0.089,-1.821,9.5,0.21,-3.43,1.96,216.9,83.25,-42.6
,-0.055,-1.862,9.648,0.42,-3.5,1.96,217.5,81.45,-41.85
,-0.084,-1.826,9.584,0.56,-3.43,1.96,216.45,84.75,-43.05
,-0.108,-1.802,9.639,0.63,-3.5,1.89,217.05,82.05,-42.75
27356.0,-0.074,-1.799,9.624,0.42,-3.5,2.1,217.2,82.95,-41.7
,-0.079,-1.819,9.591,0.28,-3.5,1.96,217.05,81.45,-43.65
,-0.103,-1.799,9.579,0.35,-3.64,2.03,215.7,81.6,-44.85
,-0.062,-1.84,9.596,0.56,-3.57,2.03,216.75,83.25,-43.35
27434.0,-0.108,-1.828,9.643,0.56,-3.5,1.89,217.2,81.9,-44.4
,-0.086,-1.816,9.639,0.49,-3.43,2.03,217.35,83.1,-42.9
,-0.096,-1.845,9.574,0.56,-3.43,2.03,216.6,81.75,-42.75
,-0.091,-1.799,9.596,0.84,-3.71,1.89,216.3,83.55,-41.55
27513.0,-0.108,-1.828,9.682,0.42,-3.64,1.89,218.55,81.9,-41.85
,-0.069,-1.819,9.605,0.49,-3.43,1.82,215.85,84.45,-42.75
,-0.043,-1.833,9.579,0.56,-3.5,1.96,216.75,83.1,-42.45
,-0.096,-1.881,9.629,0.56,-3.43,1.96,218.1,82.05,-43.8
27591.0,-0.079,-1.828,9.593,0.77,-3.5,1.89,218.7,81.9,-44.4
,-0.105,-1.821,9.653,0.84,-3.71,1.96,218.55,82.35,-42.9
,-0.057,-1.804,9.574,0.7,-3.71,1.89,215.7,82.95,-43.5
,-0.098,-1.807,9.643,0.77,-3.64,1.96,215.85,81.45,-41.4
27669.0,-0.191,-1.85,9.71,0.84,-3.64,1.75,217.95,81.75,-43.35
,-0.136,-1.862,9.677,1.05,-3.57,1.89,219.15,82.5,-43.35
,-0.112,-1.809,9.586,0.84,-3.57,1.96,217.2,80.25,-42.6
,-0.074,-1.797,9.624,0.7,-3.57,1.89,217.65,82.35,-42.0
27748.0,-0.084,-1.804,9.567,0.63,-3.71,1.96,216.9,81.6,-42.15
,-0.067,-1.847,9.624,0.56,-3.57,1.96,215.85,81.3,-42.75
,-0.084,-1.833,9.596,0.63,-3.57,1.96,217.2,82.2,-42.75
,-0.067,-1.826,9.603,0.63,-3.5,1.89,216.9,81.6,-43.35
27826.0,-0.06,-1.835,9.629,0.56,-3.5,1.96,217.8,82.35,-41.4
,-0.105,-1.828,9.629,0.63,-3.5,2.03,216.9,82.35,-43.8
,-0.093,-1.847,9.643,0.7,-3.5,2.03,218.25,81.15,-42.15
,-0.086,-1.795,9.61,0.63,-3.5,2.03,217.35,81.45,-43.65
27904.0,-0.05,-1.823,9.634,0.56,-3.57,1.96,216.6,81.15,-43.2
,-0.096,-1.811,9.617,0.42,-3.36,1.89,216.75,82.8,-40.8
,-0.115,-1.816,9.655,0.21,-3.29,1.96,217.65,82.2,-44.25
,-0.031,-1.977,9.631,0.14,-3.43,2.1,218.1,82.65,-41.4
27983.0,-0.069,-1.788,9.612,0.35,-3.5,2.03,216.75,81.3,-43.5
,-0.072,-1.835,9.67,0.63,-3.5,2.03,217.05,80.7,-42.9
,-0.072,-1.826,9.61,0.63,-3.64,2.03,217.65,81.6,-44.4
,-0.101,-1.866,9.608,0.56,-3.71,1.82,218.1,82.05,-42.0
28062.0,-0.093,-1.828,9.596,0.77,-3.71,1.82,216.9,81.75,-41.7
,-0.112,-1.823,9.603,0.63,-3.5,2.03,218.4,83.4,-42.75
,-0.101,-1.845,9.653,0.49,-3.5,2.03,218.1,81.9,-43.05
,-0.005,-1.752,9.593,0.42,-3.43,1.96,216.9,81.9,-44.4
28140.0,-0.093,-1.802,9.452,0.56,-3.64,1.89,217.65,82.35,-41.4
,-0.103,-1.826,9.624,0.56,-3.5,2.03,216.75,81.15,-43.5
,-0.081,-1.828,9.586,0.49,-3.43,2.03,217.5,82.05,-42.75
,-0.108,-1.831,9.639,0.56,-3.57,1.96,216.9,81.6,-42.0
28218.0,-0.11,-1.855,9.665,0.49,-3.64,1.82,215.85,82.5,-42.45
,-0.117,-1.878,9.684,-0.07,-3.57,1.82,217.65,81.75,-42.45
,-0.115,-1.838,9.6,-0.28,-3.85,1.82,217.35,81.3,-42.6
,-0.081,-1.843,9.579,-0.14,-3.92,1.96,217.5,81.6,-43.35
28296.0,-0.17,-1.656,9.189,-0.28,-4.06,1.96,217.35,84.15,-43.5
,-0.12,-1.871,9.675,0.28,-3.85,2.03,216.75,81.75,-41.7
,-0.089,-1.742,9.634,0.7,-3.36,2.1,217.8,82.35,-43.2
,-0.077,-1.881,9.694,0.63,-3.36,2.03,217.2,81.9,-45.3
28375.0,-0.11,-1.895,9.631,0.28,-3.36,2.03,218.85,81.75,-45.0
,-0.091,-1.814,9.552,0.28,-3.57,2.1,217.2,81.3,-45.0
,-0.048,-1.749,9.478,0.49,-2.24,2.45,216.6,82.05,-43.95
,-0.199,-1.924,10.1,0.14,-0.63,2.8,218.7,81.0,-44.1
28453.0,-0.041,-1.816,9.112,0.07,-3.15,2.1,217.95,82.2,-43.95
,-0.112,-1.864,9.847,1.61,-3.22,2.17,217.95,80.55,-45.3
,-0.074,-1.79,9.835,0.28,-3.43,2.17,217.65,82.8,-43.05
,-0.117,-1.799,9.474,-0.42,-3.78,2.03,218.25,81.0,-42.45
28531.0,-0.081,-1.84,9.6,0.14,-3.64,2.03,217.2,82.2,-43.8
,-0.129,-1.874,9.603,0.21,-3.5,1.96,216.15,82.05,-43.95
,-0.12,-1.902,9.67,0.77,-3.43,2.03,218.4,81.75,-43.8
,-0.112,-1.819,9.641,1.19,-3.36,2.03,217.05,81.3,-43.5
28610.0,-0.129,-1.838,9.708,0.7,-3.64,2.03,216.15,83.25,-43.35
,-0.089,-1.847,9.651,0.07,-3.85,1.89,219.3,81.75,-43.8
,-0.089,-1.886,9.612,0.14,-3.99,1.82,218.4,81.45,-45.0
,-0.065,-1.85,9.605,0.28,-3.85,1.96,218.25,81.45,-42.6
28689.0,-0.069,-1.802,9.562,0.56,-3.36,1.96,217.5,80.85,-44.55
,-0.096,-1.843,9.531,0.84,-3.29,2.1,217.5,81.9,-43.5
,-0.148,-1.84,9.677,0.91,-3.43,2.1,219.75,83.1,-43.95
,-0.086,-1.838,9.634,0.56,-3.57,1.89,216.9,82.05,-42.15
28767.0,-0.081,-1.831,9.593,0.21,-3.64,1.82,217.95,82.65,-44.85
,-0.089,-1.816,9.596,0.21,-3.64,1.75,217.5,81.9,-42.45
,-0.089,-1.799,9.586,0.56,-3.64,1.89,219.75,82.05,-44.1
,-0.12,-1.843,9.591,0.84,-3.43,2.03,218.4,82.8,-43.05
28845.0,-0.12,-1.79,9.639,0.91,-3.36,2.1,217.2,82.05,-43.65
,-0.105,-1.864,9.66,0.49,-3.43,1.96,217.2,79.95,-43.2
,-0.153,-1.883,9.591,0.35,-3.43,1.96,217.05,81.9,-42.15
,-0.117,-1.845,9.574,0.28,-3.71,1.96,218.55,81.15,-42.9
28924.0,-0.079,-1.866,9.584,0.21,-3.64,1.96,216.0,80.55,-43.95
,-0.072,-1.819,9.562,0.35,-3.43,2.1,216.75,83.55,-43.65
,-0.096,-1.886,9.581,0.63,-3.36,1.96,217.65,80.7,-43.65
,-0.053,-1.869,9.569,0.7,-3.29,1.96,218.25,81.9,-43.95
29002.0,-0.101,-1.845,9.596,0.49,-3.01,2.1,216.0,84.0,-43.2
,-0.096,-1.855,9.675,0.28,-2.8,2.1,219.0,80.25,-42.45
,-0.11,-1.799,9.399,0.42,-2.59,2.24,217.8,81.45,-43.95
,-0.134,-1.878,9.978,1.05,-2.66,2.24,217.05,82.2,-43.65
29080.0,-0.079,-1.886,9.646,0.56,-3.5,1.96,217.8,82.35,-40.95
,-0.115,-1.821,9.481,0.63,-3.85,1.96,217.05,81.6,-42.9
,-0.112,-1.828,9.744,0.35,-3.5,2.03,216.75,82.05,-44.25
,-0.048,-1.843,9.648,-0.35,-3.22,1.96,216.45,82.35,-44.1
29158.0,-0.141,-1.905,9.531,-0.28,-3.5,1.96,216.3,79.8,-43.8
,-0.117,-1.833,9.529,0.56,-3.71,2.1,215.1,80.55,-42.9
,-0.11,-1.821,9.732,0.84,-3.99,1.96,217.2,81.75,-45.0
,-0.124,-1.847,9.619,0.49,-3.99,1.75,217.65,79.65,-46.2
29237.0,-0.108,-1.809,9.6,0.35,-3.78,1.82,217.2,81.75,-43.8
,-0.127,-1.866,9.562,0.35,-3.71,1.89,217.05,82.05,-45.45
,-0.067,-1.866,9.545,0.42,-3.22,2.03,217.5,81.15,-43.65
,-0.074,-1.84,9.629,0.91,-3.08,2.1,217.2,83.55,-43.05
29316.0,-0.134,-1.826,9.658,1.05,-3.29,2.03,217.05,82.8,-45.0
,-0.101,-1.821,9.488,0.7,-3.15,2.03,217.05,82.2,-42.0
,-0.029,-1.864,9.763,0.7,-3.43,2.03,218.4,82.05,-43.2
,-0.101,-1.847,9.631,0.14,-3.85,1.96,218.4,82.5,-43.65
29394.0,2.123,3.039,6.927,-11.69,-7.07,78.05,219.15,82.35,-45.3
,-1.28,-1.132,9.447,-35.56,31.36,43.89,217.8,82.2,-43.8
,-1.754,-3.123,8.117,-15.54,12.95,13.86,220.2,82.05,-51.3
,-0.505,-2.333,9.316,-2.38,-6.51,24.92,216.3,79.05,-54.45
29472.0,-0.72,-1.898,9.605,1.47,-12.67,24.5,212.25,78.45,-52.65
,-0.682,-2.316,9.402,3.71,-10.64,5.95,213.45,78.15,-51.45
,-0.598,-2.268,9.246,28.63,-37.66,-6.16,213.75,78.0,-51.75
,-0.141,-2.051,9.682,52.85,-56.84,-10.01,214.5,75.9,-51.0
29551.0,0.821,-4.195,8.701,13.65,-14.0,-21.28,212.1,76.35,-43.35
,0.421,2.838,-0.349,17.85,-17.36,6.3,211.05,76.65,-39.6
,1.905,-2.036,9.56,-8.19,16.8,-36.96,213.6,80.1,-41.7
,1.371,-2.01,10.266,7.35,-3.22,-27.65,215.4,79.5,-42.6
29629.0,-1.199,-1.737,7.126,5.11,-4.69,-11.69,209.7,75.15,-40.65
,3.111,-1.163,7.944,-84.14,81.48,31.99,206.4,72.6,-37.2
,-5.537,-2.656,2.721,-147.49,228.06,-28.91,206.1,69.3,-38.7
,-0.536,-2.194,9.347,-100.66,188.93,-22.61,206.7,65.55,-60.75
29707.0,1.266,-3.216,11.895,8.19,323.19,-126.84,206.4,63.15,-73.2
,-4.109,-2.546,8.325,119.42,454.51,-167.58,206.55,60.45,-88.05
,-1.924,-5.798,4.257,101.57,427.91,-110.32,199.8,55.95,-97.2
,-8.478,-1.596,9.282,68.11,412.51,-57.89,194.7,52.35,-103.8
29785.0,-6.111,-3.771,2.627,-96.88,579.6,23.87,190.65,52.5,-106.8
,-10.641,-0.56,4.743,-56.56,355.18,14.35,190.95,53.85,-121.65
,-15.652,-1.457,16.789,-8.75,5.95,-69.58,194.1,59.1,-141.3
,-12.398,-1.316,1.062,84.77,-208.18,52.71,192.9,56.85,-146.25
29864.0,-13.446,-1.811,5.98,145.81,-90.72,93.59,183.75,53.85,-138.15
,-12.158,-1.407,7.301,131.39,-77.49,135.94,175.35,52.05,-130.95
,-14.226,0.651,6.703,151.55,-42.07,214.97,165.15,49.35,-124.65
,-12.989,-0.211,5.008,173.95,21.7,349.3,154.05,47.55,-116.7
29943.0,-13.601,-1.235,2.405,156.24,199.99,410.48,142.5,43.35,-103.65
,-14.24,1.029,0.919,198.59,385.91,400.82,129.75,40.65,-85.5
,-6.841,-0.687,8.526,-52.5,240.38,447.16,115.35,40.35,-61.5
,-2.383,2.821,6.956,-117.25,-19.04,337.4,106.2,38.25,-36.6
30021.0,-6.738,1.527,2.824,-60.55,-70.49,323.82,103.2,37.35,-29.4
,-7.057,3.125,3.51,-18.41,-15.05,316.19,103.8,37.65,-25.05
,-1.615,2.572,4.673,14.21,57.33,301.84,105.15,36.9,-26.25
,2.036,3.611,6.403,109.48,164.08,184.59,107.4,37.05,-24.0
30100.0,-4.02,14.604,20.892,333.62,386.12,5.32,110.55,36.9,-23.7
,-2.091,12.946,12.137,223.3,354.13,-77.21,109.2,36.45,-12.0
,1.744,6.123,6.7,153.58,195.79,-113.89,105.75,36.3,-0.45
,1.644,5.063,1.352,109.48,106.75,-135.52,104.85,31.65,7.35
30178.0,-1.553,4.788,-0.337,200.27,157.29,-177.17,104.85,30.15,13.65
,-4.29,4.432,-0.232,252.7,221.97,-208.95,102.0,26.25,19.05
,-6.403,4.738,-0.991,202.65,209.79,-240.03,100.05,22.65,27.6
,-4.666,3.855,-4.795,134.96,208.18,-228.13,99.6,19.5,34.95
30256.0,-5.707,2.618,-7.949,102.97,315.63,-152.95,96.9,16.35,40.35
,-7.6,0.648,-12.266,150.01,359.59,-62.51,99.9,13.5,43.8
,-5.185,1.429,-10.94,149.94,92.61,45.78,102.0,11.7,46.2
,-4.008,2.338,-10.098,49.98,-108.64,45.22,105.0,9.6,50.1
30334.0,-4.094,1.725,-10.766,-35.98,-161.63,33.39,104.1,10.2,50.85
,-1.503,1.864,-5.013,-57.26,-231.98,-58.8,103.8,8.85,49.95
,-13.972,4.147,-3.699,-159.32,-274.82,4.97,101.1,10.35,47.1
,-11.149,4.499,4.7,-169.54,-304.01,68.39,99.9,10.65,43.95
30413.0,-11.536,11.161,11.043,-58.45,-109.34,6.23,99.45,12.3,38.1
,-7.03,8.464,7.758,78.54,74.83,-60.97,96.45,13.35,34.35
,-7.291,5.41,1.45,145.88,73.99,-72.8,97.5,13.5,32.7
,-7.949,3.247,-2.245,208.53,64.75,-42.63,98.25,11.1,37.8
30491.0,-8.844,1.479,-5.233,244.16,91.28,-5.53,99.0,7.35,40.2
,-7.976,-0.847,-9.093,224.21,104.86,18.76,99.15,6.3,43.2
,-8.354,-2.197,-14.295,130.83,25.41,12.39,100.8,1.35,45.0
,-8.619,-1.055,-13.884,45.15,-69.79,34.16,99.0,-1.05,45.3
